Abc Sort,Community Designation,Ctu Code,Ctu Id,Ctu Name,Ctu Type,Five Color,Year,$ Compost Emis T CO2e,$ Electricity Emis T CO2e,$ Electricity R MWh,$ Landfill Emis T CO2e,$ NG R Emis T CO2e,$ NG R Therms,$ Other Fuels Emis T CO2e,$ Passenger Veh Emis T CO2e,$ Transit Emis T CO2e,$ Trucks Emis T CO2e,Actual R E Emis T Co2E,Actual R E Mwh,Actual R Ng Emis T Co2E,Actual R Ng Therms,Composting Scope1 Co2E Tonnes,Composting Scope3 Co2E Tonnes,Est R E Emis T Co2E,Est R E Mwh,Est R Ng Emis T Co2E,Est R Ng Therms,Kerodfo Emis Tonnes Co2E,Kerodfo Res Use Mmbtu,Landfill Scope1 Co2E Tonnes,Landfill Scope3 Co2E Tonnes,Metrotransit Tonnes Co2E,Population,Prop Emis Tonnes Co2E,Prop Res Use Mmbtu,show,Total Co2 W Equiv Heavy,Total Co2 W Equiv Medium,Total Co2 W Equiv Personal,Wastwater Tonnes Co2E
34,Urban,7948,2393428,Brooklyn Center,C,2,2017,0.020452931,0.947360912,2.575978616,0.048624463,1.453824821,273.472242736,0.033809705,3.308717290,0.074923294,0.496236871,29505.555614698,80228.854,45279.374049499,8517293,0,637.006533106,29488.21800113,80181.71112,38156.424251031,7177427.957,114.9294598,1535.796121,0,1514.408903617,2333.485993603,31145,938.073817,15200.38982,31145,12571.368723,2883.928627,103050,3756.412881688
36,Suburban,7966,2393429,Brooklyn Park,C,5,2017,0.018842869,1.031903552,2.805859360,0.085788858,1.504467580,282.998417135,0.042121178,3.051900675,0.030374954,0.603758171,83445.912611751,226898.623,121660.275295695,22884950,0.836330289,1523.747423703,72071.624786046,195970.6822,100845.765438851,18969629.11,835.1540745,11160.11848,0,6937.401772001,2456.301045898,80866,2571.017128,41660.32764,80866,40592.090088,8231.418181,246795,6946.643088042
40,Suburban,8794,2393472,Burnsville,C,5,2017,0.042552609,1.367545779,2.636806962,0.034650866,1.562723409,293.956650974,0.046525052,3.783833288,,0.828171346,,,97262.342262976,18295568,1079.018404750,2648.431814278,85114.681749992,164112.2285,84666.659248928,15926252.5,352.4503434,4709.774772,6561.036969421,2156.635230125,,62239,2543.222348,41209.94572,62239,40394.324231,11150.232202,235502,7263.045857437
62,Suburban,11494,2393526,Circle Pines,C,1,2017,0.029012261,2.326968934,4.197279363,0.029341614,1.716179309,322.822528370,0.036288394,1.928465037,0,0.067770407,,,8620.368668138,1621537.56,0,145.728585130,11688.364955426,21082.93424,8241.903128222,1550346.163,91.94356783,1228.636897,0,147.382924979,0,5023,90.33303423,1463.741242,5023,198.1203155,142.2904384,9686.67988,537.077045383
64,Diversified Rural,12376,2393579,Coates,C,5,2017,0.055554215,1.534836830,3.253704403,0.000711924,2.069895768,389.358490566,0.174809936,11.372995365,,45.512602815,244.039055959,517.339,329.113427078,61908,0,8.833120198,408.547527152,866.080916,246.484941053,46365.13881,0,0,0,0.113195849,,159,27.79477976,450.3819205,159,7144.958954,91.54489354,1808.306263,
66,Rural Centers,12664,2393601,Cologne,C,2,2017,0.082321697,1.984354370,4.587523036,0.270256712,1.593344163,299.716579015,0.012219276,3.630757016,,0.354843778,,,,,0,140.440814854,3385.308555516,7826.3143,2718.245142871,511316.4838,0,0,0,461.057950333,,1706,20.84608482,337.7864404,1706,319.8547597,285.5087259,6194.07147,
68,Urban Center,12700,2393607,Columbia Heights,C,5,2017,0.030838893,1.020518386,2.707642237,0.012969317,1.738864917,327.089812931,0.042799357,2.015098501,0.060941325,0.177477151,20566.507033723,54567.114,35043.344676980,6591841,0,621.496204151,21556.834472061,57194.65353,26691.248522396,5020766.938,84.28160385,1126.250489,0,261.370650865,1228.150522949,20153,778.2538334,12610.69377,20153,2723.041116,853.6559155,40610.280091,1740.680475467
70,Diversified Rural,12718,2393610,Columbus,C,5,2017,0.029280112,2.488040943,4.390982721,0.001898838,1.668736438,313.898270075,0.129593744,5.209792601,0,1.440001195,,,6463.016225278,1215728,0,113.401873771,9636.182571372,17006.27608,6352.731298293,1194982.814,91.94356783,1228.636897,0,7.354198749,0,3873,409.9730015,6643.133327,3873,2470.954448,3106.17018,20177.526743,39.489864525
72,Suburban,13114,2393628,Coon Rapids,C,3,2017,0.028993833,1.478228269,2.911118628,0.039467879,1.595847365,300.187444683,0.036238906,3.569272348,0.015528518,0.608910213,,,100972.45449161,18993460,0,1834.497805600,93530.459044846,184192.2978,92714.043131065,17440008.55,222.1969556,2969.205835,0,2497.211618114,982.520418359,63272,2070.711092,33553.45308,63272,32371.060678,6155.906319,225835,6993.167433772
74,Emerging Suburban Edge,13168,2393634,Corcoran,C,2,2017,0.020472064,3.207342889,6.305113555,0.168241315,1.455645570,273.814735336,0.678183050,3.069028262,,0.344334869,17935.461433785,35258.195,8139.970025937,1531172,0,114.479779950,11677.660956972,22956.37883,8872.205738364,1668909.463,206.8730276,2764.433018,0,940.805432793,,5592,3585.52659,58099.26774,5592,1089.008202,836.5123847,17162.006042,
76,Suburban Edge,13456,2393644,Cottage Grove,C,3,2017,0.034862640,1.199788903,3.197491607,0.006872631,1.614309177,303.660210445,0.030843546,3.049809061,0,0.549230415,43671.116267428,116385.497,58759.239731941,11052928,225.131197732,1268.965244826,45373.445845052,120922.2822,55687.948584118,10475201.67,191.5490996,2559.660202,0,250.156910633,0,36399,931.1251221,15087.79434,36399,17046.964915,2944.472953,111010,2832.402158598
80,Urban,14158,2393683,Crystal,C,4,2017,0.021457005,1.165666940,2.954142658,0.071652642,1.706855376,321.068646692,0.025123255,2.194562973,0.032137918,0.233157664,26727.577264476,67735.537,39136.486924689,7361783,0,491.987665125,30894.272262918,78295.16687,36017.316705511,6775050.36,291.1546315,3890.683508,0,1642.923437539,736.890313770,22929,284.8964926,4616.414685,22929,4085.359207,1260.712882,50319.134398,2469.512263335
44,Emerging Suburban Edge,10144,2393762,Carver,C,2,2017,0.077850971,1.399932146,3.728263089,0.031510025,1.409434687,265.122220636,0.071455549,3.560066780,0,0.170318092,,,,,0,359.905036857,6471.886309521,17235.76026,6515.816559883,1225660.026,114.9294598,1535.796121,0,145.670845109,0,4623,215.4095432,3490.459884,4623,390.1483704,397.2321709,16458.188723,315.621160531
50,Emerging Suburban Edge,10648,2393784,Centerville,C,4,2017,0.029039410,1.509233783,3.704813152,0.004953561,1.397077749,262.797814296,0.029524572,2.959145242,,0.273506386,,,,,0,116.186679279,6038.444366736,14822.95742,5589.708074174,1051454.055,0,0,0,19.819198958,,4001,118.127814,1914.123162,4001,227.1416298,867.1574215,11839.540112,346.848301300
52,Suburban,10846,2393797,Champlin,C,1,2017,0.018491497,1.472030966,3.382243231,0.055954141,1.515891885,285.147390291,0.029903825,2.696159241,0.010368514,0.271194992,,,,,0,438.063571011,34872.413580735,80125.34215,35911.478765022,6755141.676,145.5773157,1945.341754,0,1325.553596506,245.630104590,23690,562.8442902,9120.23389,23690,4874.65034,1549.959019,63872.012431,2227.585665897
56,Emerging Suburban Edge,10918,2393799,Chanhassen,C,4,2017,0.077544941,1.288124376,3.278840854,0.083411860,2.040596797,383.847197072,0.054608842,3.381455479,0,0.754069926,,,52963.689863569,9962754,0,2012.678933938,33433.268174343,85102.31437,38625.124071951,7265592.906,222.1969556,2969.205835,0,2164.954834286,0,25955,1195.17553,19366.42258,25955,16287.758472,3284.126446,87765.676964,2820.529146195
58,Suburban Edge,10972,2393809,Chaska,C,3,2017,0.078252229,1.679552186,2.964133147,0.112624764,1.378101881,259.228351694,0.036995674,2.846173586,0,0.601080384,,,,,0,2108.193299857,45248.815453879,79856.71112,37127.442764254,6983871.023,107.2674958,1433.409713,0,3034.223780017,0,26941,889.4329524,14412.22146,26941,13327.606573,2866.100049,76678.762576,3407.443071532
2,Diversified Rural,316,2393887,Afton,C,5,2017,0.033958866,1.964408363,5.341442601,0.001609010,0.040802907,7.675245513,0.273325389,2.764663430,,1.564044176,5800.897894743,15773.28,120.490983794,22665,0,100.280530116,5197.235245816,14131.8548,5127.319948965,964476.3698,160.9012437,2150.11457,0,4.751406744,,2953,646.2286295,10471.37965,2953,3973.793299,644.8291535,8164.051109,
4,Emerging Suburban Edge,1486,2393954,Andover,C,1,2017,0.028937454,1.853314677,3.270795340,0.026907846,1.841961077,346.482753311,0.038087663,2.402719347,,0.165265763,,,59808.476175730,11250295,0,939.599120200,60177.127548218,106202.7247,47908.135699112,9011777.159,222.1969556,2969.205835,0,873.697767358,,32470,1014.509461,16438.9401,32470,3350.145195,2016.034129,78016.297206,1794.723155413
6,Suburban,1720,2393964,Anoka,C,4,2017,0.029316292,1.483518554,2.618166054,0.021480253,1.365612272,256.878989289,0.102511948,3.515159129,0.020238679,0.805840583,,,24860.971404148,4676482,0,533.703091407,27007.455278840,47663.71302,22279.271369125,4190850.383,789.1822905,10545.80003,0,391.048008374,368.445156885,18205,1077.047716,17452.29942,18205,12456.679147,2213.648658,63993.471941,2224.980302422
8,Suburban,1900,2393967,Apple Valley,C,2,2017,0.059274264,1.933771080,3.421700655,0.126722952,1.793106001,337.292851550,0.029522571,2.803460591,,0.229692634,101254.187537975,179163.668,93888.823312036,17660991,0,3103.659753794,88909.235851936,157319.9608,77777.865631725,14630433.49,183.8871357,2457.273794,0,6635.340512936,,52361,1361.944208,22068.7141,52361,8037.574827,3989.361182,146792,4486.063498459
10,Suburban,2026,2393979,Arden Hills,C,1,2017,0.052930384,1.098584375,2.799676597,0.007967069,1.622839558,305.264820945,0.032458050,4.374309881,0,1.065426739,10951.787630927,27909.976,16178.087558667,3043185,0,527.663002048,12499.970323338,31855.42703,13033.344373492,2451641.948,191.5490996,2559.660202,0,79.423710097,0,9969,132.0252039,2139.314122,9969,8711.777618,1909.461548,43607.495207,1233.788425463
12,Suburban,4114,2394090,Bayport,C,4,2017,0.036618999,0.906859192,2.421701541,0.045485248,1.315166319,247.389835091,0.056405743,2.720104153,,1.087313536,3354.472151053,8957.874,4864.800212442,915095,0,135.453675880,3471.514913581,9270.428188,3451.424185137,649231.3922,76.61963986,1023.864081,0,168.249930719,,3699,132.0252039,2139.314122,3699,3651.058562,370.9142063,10061.665262,673.300329379
16,Rural Centers,4834,2394113,Belle Plaine,C,3,2017,0.027609056,1.321833415,3.439854314,0.017455094,1.496759214,281.548432251,0.034043158,3.127312378,,0.424605753,,,10692.847825528,2011382,0,197.239093443,9443.177917377,24574.31922,9860.385905283,1854791.45,0,0,0,124.699191083,,7144,243.2043229,3940.841804,7144,2071.169229,962.2142675,22341.519627,
22,Rural Centers,5554,2394156,Bethel,C,4,2017,0.029054538,2.665871126,4.704823723,0.005726946,1.457054352,274.079734870,0.144969991,2.909123110,,0.254005404,,,,,0,14.498214242,1330.269691956,2347.707038,727.070121744,136765.7877,30.64785594,409.5456324,0,2.857745885,,499,41.69216965,675.5728807,499,20.51430305,106.2343934,1451.652432,
24,Suburban,6058,2394171,Birchwood Village,C,3,2017,0.043559222,3.118089090,5.502913992,0,1.791139571,336.922955556,0.070212728,1.616716066,0,,,,,,0,38.027200645,2722.091775299,4804.043915,1563.664845520,294133.7402,61.29571189,819.0912647,0,0,0,873,0,0,873,,11.55909284,1411.393126,80.952361320
28,Suburban Edge,6382,2394183,Blaine,C,2,2017,0.029171648,1.604325850,2.972886838,0.080202868,1.722214170,323.957718184,0.035894392,3.509706436,0.011272779,1.047136664,,,112579.41810371,21176792.08,19.361881487,1906.921473759,104873.176461669,194334.6397,96978.316811894,18242141.29,498.0276591,6655.116526,0,5242.781259806,736.890313770,65369,1848.352854,29950.39771,65369,56871.629547,11578.647042,229426,5571.904505181
32,Urban,6616,2394198,Bloomington,C,3,2017,0.022152299,1.133456503,3.081993013,0.052800159,1.648044512,310.006007763,0.050969859,4.115767565,0.056650921,0.707876801,100747.281233432,273942.949,146486.436421357,27554884,0,1969.007127038,88470.709013835,240561.5976,129005.058894036,24266543.17,1118.646742,14948.41558,0,4693.142161025,5035.417144092,88885,3411.809216,55284.38074,88885,50195.730354,12723.899067,365830,11130.484437670
132,Suburban,25918,2394245,Greenwood,C,2,2017,0.022433836,2.907608731,5.131450805,0.075842835,1.669279024,314.000333425,0,3.246047819,0,0.072445316,,,,,0,16.242097228,2105.108721388,3715.170383,1208.558013603,227336.2414,0,0,0,54.910212282,0,724,0,0,724,17.43494223,35.01546653,2350.138621,40.978643585
136,Rural Residential,26738,2394273,Ham Lake,C,4,2017,0.029137674,1.948518132,3.438813769,0.003037207,2.040807504,383.886832167,0.049383773,3.146800545,,0.329112325,,,32965.163608733,6200924,0,470.660840154,31474.413392809,55547.15881,23736.856998735,4465030.054,283.4926675,3788.297099,0,49.060012236,,16153,514.2034256,8332.065529,16153,3240.838962,2075.312417,50830.269197,
138,Rural Centers,26666,2394274,Hamburg,C,2,2017,0.079387949,1.799689482,4.591115854,0.757077548,1.886408203,354.843495935,0.059392922,3.353649191,,,885.447225055,2258.829,928.112835813,174583,0,39.058871146,1008.285075484,2572.195727,807.678118358,151928.584,15.32392797,204.7728162,0,372.482153589,,492,13.89738988,225.1909602,492,,5.14219209,1649.995402,
140,Rural Centers,26864,2394282,Hampton,C,4,2017,0.053720531,2.467812108,4.355282157,0.040953204,1.404135181,264.125355123,0.090242791,4.491446988,,0.750765070,,,,,0,37.228328069,1710.193790650,3018.210535,973.065680626,183038.8711,0,0,0,28.380570281,,693,62.53825447,1013.359321,693,397.1710854,123.109108,3112.572763,
146,Non-Council,26990,2394288,Hanover,C,1,2017,0.018425014,1.732775301,4.711606805,0.223470404,1.463490174,275.290347523,0,2.265773988,,0.012255290,,,,,0,13.763485410,1294.383149545,3519.570283,1093.227160254,205641.8896,0,0,0,166.932391860,,747,0,0,747,1.5064499,7.64825198,1692.533169,
152,Emerging Suburban Edge,27530,2394320,Hastings,C,5,2017,0.040450388,1.329075045,3.307168949,0.081077260,1.638736280,308.255079505,0.064453442,2.859965370,,0.572597249,30090.259025743,74874.305,37100.989382094,6978895,704.368408391,915.796791717,27449.478981212,68303.1894,31682.026558532,5959559.042,0,0,0,1835.589167019,,22640,1459.225938,23645.05082,22640,10364.175929,2599.425793,64749.615972,1994.219548960
156,Urban Center,29258,2394389,Hilltop,C,1,2017,0.032519815,1.027262323,2.793239348,0.004167725,1.593811626,299.804511278,0.026122913,3.776497123,0.153903574,,819.755333822,2229.005,1271.861677777,239244,0,25.950812095,598.058922526,1626.188051,630.366055436,118575.2344,0,0,0,3.325844812,122.815052295,798,20.84608482,337.7864404,798,,36.93186526,3013.644704,116.757497691
160,Urban Center,30140,2394417,Hopkins,C,5,2017,0.019516661,0.923150488,2.510147806,0.055362773,1.032314095,194.183815452,0.093779531,3.060841338,0.045060295,2.616120621,17612.788156673,47891.11,,,0.530643977,372.358376449,14483.947938146,39383.44899,19695.520616365,3704833.015,260.5067755,3481.137875,0,1056.266342690,859.705366064,19079,1528.712887,24771.00563,19079,47912.46184,2000.503495,58397.791896,2339.579071897
162,Emerging Suburban Edge,30392,2394440,Hugo,C,1,2017,0.033356259,1.466113957,3.680558498,0.002476602,1.679131700,315.853674627,0.139433299,2.891028456,,0.300871711,,,25452.278315485,4787710,0,505.614167553,22223.355352674,55789.90572,24027.318231305,4519667.369,758.5344346,10136.2544,0,37.540326876,,15158,1354.995513,21956.11862,15158,3093.007489,1467.605902,43822.209343,842.648947229
84,Emerging Suburban Edge,15022,2394471,Dayton,C,3,2017,0.020958191,2.078023414,4.166723357,0.020235802,2.320283214,436.457711443,0.171377663,3.578772690,,1.071911068,,,12592.177000203,2368656,0,113.740104584,11277.433068643,22612.80766,8857.469465109,1666137.491,137.9153517,1842.955346,0,109.819697150,,5427,792.1512233,12835.88473,5427,4525.530575,1291.730792,19421.99939,203.367219434
86,Suburban,15148,2394486,Deephaven,C,4,2017,0.025018610,2.045093677,5.560834853,0.008331580,1.529541318,287.714921733,0.059841851,2.187541317,0,0.079841014,8074.029836483,21954.176,,,0,98.773472121,5930.303107580,16125.14702,6038.629123342,1135898.511,0,0,0,32.893076000,0,3948,236.255628,3828.246324,3948,60.03645925,255.1758627,8636.41312,584.643536324
88,Diversified Rural,15616,2394503,Dellwood,C,3,2017,0.033817035,2.586849332,7.033928122,0.002051911,3.833507565,721.103324349,0.103736508,3.037242582,,0.058526676,2879.163306823,7828.762,4266.693920197,802588,0,37.638360344,1890.428437162,5140.283039,1691.559903248,318191.4862,45.97178392,614.3184486,0,2.283776624,,1113,69.48694941,1125.954801,1113,9.50392658,55.6362638,3380.450994,
94,Suburban,17288,2394586,Eagan,C,1,2017,0.053636931,1.659423648,3.100539817,0.105105536,1.403277669,263.964052535,0.033991641,3.541408714,,1.887541791,113650.606825166,212349.771,,,0,3673.486145805,99957.985520218,186765.8777,96107.681019501,18078370.03,375.4362353,5016.933997,0,7198.467915435,,68488,1952.583278,31639.32991,68488,118679,10594.962171,242544,8240.764284404
96,Rural Centers,17486,2394596,East Bethel,C,3,2017,0.028602335,1.933296380,3.411949882,0.019959517,1.431507523,269.274239357,0.065032510,3.008159834,,0.191050559,,,,,0,345.344592303,23342.620498052,41195.88288,17284.021833635,3251217.166,0,0,0,240.991204229,,12074,785.2025283,12723.28925,12074,956.3076887,1350.436763,36320.52184,
98,Suburban,18116,2394614,Eden Prairie,C,1,2017,0.018913850,1.047936432,2.849454526,0.039986974,1.917788034,360.746210338,0.028417605,3.543985187,0.001927236,0.468172328,,,122212.960234948,22988913,0,1205.304035880,66780.797044331,181584.3391,92051.605498461,17315400.48,45.97178392,614.3184486,0,2548.209910723,122.815052295,63726,1764.968515,28599.25195,63726,24022.381794,5812.367999,225844,6115.308861375
100,Urban,18188,2394621,Edina,C,2,2017,0.025490656,1.421579782,3.865431929,0.079799953,2.092677547,393.643865364,0.065161473,3.327771111,0.042110424,0.296185321,74628.673808848,202923.58,109859.293183473,20665122,0,1338.182987887,55042.992638909,149667.9567,76255.308228121,14344032.28,842.8160385,11262.50489,0,4189.258113525,2210.670941309,52497,2577.965823,41772.92312,52497,9918.443988,5630.396834,174698,8254.609929790
102,Rural Centers,18662,2394658,Elko New Market,C,5,2017,0.031614270,1.648420404,3.578314383,0.106736379,1.347993170,253.564741881,0.048674789,3.431026568,,0.111054598,,,,,0,148.934823815,7765.708523671,16857.43906,6350.395825249,1194543.499,0,0,0,502.835081241,,4711,229.3069331,3715.650844,4711,136.9761725,386.2020388,16163.566161,360.284532145
108,Suburban,20078,2394717,Excelsior,C,3,2017,0.033513141,1.272564739,3.460243622,0.399599358,1.583644428,297.892006803,0.041361279,5.451505054,0,0.341283009,2993.072265887,8138.493,3724.731695010,700642,0,78.822908339,2502.647717201,6804.974661,2751.972515484,517660.7834,0,0,0,939.857689421,0,2352,97.28172917,1576.336722,2352,432.9714242,369.7262125,12821.939886,285.138409300
110,Urban,20420,2394738,Falcon Heights,C,4,2017,0.054097082,0.938826888,2.325889441,0.008587999,1.314658619,247.294334069,0.077974686,5.234684986,0.158150362,0.161412526,5103.462963970,12643.535,7146.484252655,1344292,0,294.071737966,6226.802742723,15426.54448,6389.071884041,1201818.673,0,0,0,46.684361133,859.705366064,5436,423.8703914,6868.324287,5436,541.8345832,335.6039092,28455.747585,767.837799559
112,Emerging Suburban Edge,20618,2394747,Farmington,C,5,2017,0.069566207,1.586359146,3.353750859,0.093860430,1.467074332,275.964546853,0.017975305,2.523957647,,0.284103390,35567.758422945,75194.448,,,0,1559.743924185,34965.655581088,73921.53138,32893.273605544,6187401.105,0,0,0,2104.444711242,,22421,403.0243066,6530.537847,22421,4577.901863,1791.980235,56589.654408,1986.068483358
114,Emerging Suburban Edge,21770,2394789,Forest Lake,C,4,2017,0.033324956,1.277735972,3.186218041,0.001913399,1.661679723,312.570864029,0.153401015,4.792430507,0,0.626703653,,,34059.449273641,6406765,0,683.061626763,26189.754228222,65307.91119,29479.726895898,5545294.669,858.1399664,11467.27771,0,39.218943046,0,20497,2286.120636,37043.91296,20497,9174.678657,3670.866117,98230.448104,2029.540832639
120,Urban,22814,2394826,Fridley,C,4,2017,0.028866567,1.014125388,2.757518575,0.075496763,1.548406022,291.263473681,0.047920857,4.057871420,0.034273570,2.040750218,29071.932495103,79049.785,44388.155430652,8349650,0,827.517875845,28051.703818223,76275.67091,36843.935570596,6930541.8,574.6472989,7678.980607,0,2164.265700743,982.520418359,28667,799.0999182,12948.48021,28667,53005.746798,5496.439695,116327,6561.458726475
122,Suburban,23318,2394871,Gem Lake,C,4,2017,0.054092082,2.373974653,6.455098434,0.001626247,2.991136280,562.648769575,0,5.991639826,,0.677322604,1061.166669934,2885.429,1337.037916970,251504,0,24.179160742,820.521496254,2231.08828,684.478013477,128753.9838,0,0,0,0.726932357,,447,0,0,447,203.7695027,98.9937013,2678.263002,37.777768622
124,Urban,24308,2394924,Golden Valley,C,5,2017,0.023153786,1.336022887,3.534981059,0.107626457,2.150650440,404.548877391,0.056524175,4.167330927,0.045390392,0.683713440,28919.551405838,76518.2,46552.979430903,8756865,0,501.186857386,30479.252148390,80645.00998,36826.918564895,6927340.81,229.8589196,3071.592243,0,2329.682295646,982.520418359,21646,993.6633766,16101.15366,21646,11011.218315,3788.442816,90206.045246,3501.310591002
126,Diversified Rural,25334,2394963,Grant,C,2,2017,0.033405685,2.051808250,5.579092515,2.736365554e-05,2.663764944,501.068466258,0.156709050,2.962073656,,0.135051441,8361.118617002,22734.802,10854.842145323,2041854,0,136.128166708,6605.426871918,17960.88286,6688.633585579,1258167.835,291.1546315,3890.683508,0,0.111506896,,4075,347.434747,5629.774006,4075,274.572648,275.761974,12070.450147,
128,Diversified Rural,25622,2394988,Greenfield,C,3,2017,0.018577326,2.910229123,6.199252349,0.190958442,1.529425856,287.693202785,0.732537423,3.259090005,,0.294138534,8361.088271594,17810.452,,,0,53.372657022,5750.925441582,12250.38873,4394.040485318,826542.5716,214.5349916,2866.819427,0,548.623602810,,2873,1890.045024,30625.97059,2873,573.6251068,271.4349017,9363.365584,8.932674353
212,Diversified Rural,40562,2395007,Marine on St. Croix,C,1,2017,0.034220410,2.962619439,5.228535650,0.012825839,1.714267237,322.462857329,0.411689332,2.751811044,,0.095402879,,,,,0,23.577862736,2041.244793747,3602.461063,1181.130125991,222176.9087,61.29571189,819.0912647,0,8.837002940,,689,222.3582381,3603.055364,689,16.3051048,49.42747875,1895.997809,
218,Rural Centers,41138,2395049,Mayer,C,1,2017,0.082151883,1.762540871,4.092382629,0.074473842,1.444116802,271.646112412,0.046158436,4.219210875,,0.188274188,,,,,0,174.737055127,3748.924433080,8704.497851,3071.636438886,577791.2811,84.28160385,1126.250489,0,158.405862023,,2127,13.89738988,225.1909602,2127,137.3749387,263.0842593,8974.261532,
220,Suburban,41462,2395082,Medicine Lake,C,3,2017,0.029168645,1.712910882,4.657593264,0.017677831,1.439443005,270.766946114,0.018001800,2.143875171,,,661.183600558,1797.831,,,0,11.259097037,645.359318139,1754.803034,555.625000064,104516.0412,0,0,0,6.823642918,,386,6.94869494,112.5954801,386,,1.28338015,827.5358159,49.092489469
222,Emerging Suburban Edge,41480,2395084,Medina,C,5,2017,0.021732393,2.685791617,6.101394317,0.055880016,2.773048327,521.625256511,0.148698998,4.239250376,,0.958064506,17014.489892748,38652.333,17567.261150823,3304496,0.211653129,137.674706825,11538.321814320,26211.9558,10248.023469809,1927708.154,191.5490996,2559.660202,0,353.999900867,,6335,750.4590536,12160.31185,6335,4336.914186,1732.424459,26855.651133,436.435581056
224,Suburban,41678,2395096,Mendota,C,2,2017,0.050850178,1.582620978,3.958112676,0.172294328,2.116159959,398.061032864,0.032622981,7.514749883,,,337.098268419,843.078,450.742071165,84787,0,10.831087861,401.927560388,1005.215142,291.519645095,54836.40807,0,0,0,36.698691867,,213,6.94869494,112.5954801,213,,10.85670235,1600.641725,30.892165468
226,Suburban,41696,2395097,Mendota Heights,C,4,2017,0.054793571,1.544039929,4.198414553,0.123617001,2.493839882,469.104651163,0.059188365,3.215903824,0.010818803,0.828033793,17527.941279454,47660.402,28310.070338172,5325276,0,622.016622363,16144.558615752,43898.83224,18594.064384956,3497643.193,275.8307035,3685.910691,0,1403.300189700,122.815052295,11352,396.0756116,6417.942367,11352,7861.231574,1538.608042,36506.940213,2074.092545386
240,Suburban,44476,2395111,Mound,C,4,2017,0.019046376,1.463521078,3.979474932,0.107621292,1.493583914,280.951141247,0.078093109,2.546133031,0.012936070,0.259670466,13894.669116537,37781.135,,,0,180.826296320,12150.530364510,33038.62972,14180.085677885,2667350.135,574.6472989,7678.980607,0,1021.756548133,122.815052295,9494,166.7686786,2702.291523,9494,1518.32427,946.9871354,24172.987,1374.738582862
242,Suburban,44530,2395118,Mounds View,C,5,2017,0.053369626,1.030932274,2.796867112,0.003981801,1.414540702,266.082689277,0.045791650,2.594320290,0.027646519,1.510790366,13739.234417042,37273.848,18851.583930123,3546084,0,711.257011762,13797.178298717,37431.04682,16671.743845346,3136044.394,360.1123073,4812.16118,0,53.065460738,368.445156885,13327,250.1530179,4053.437284,13327,16683.467415,3450.835794,34574.506499,1485.801500554
244,Urban,45430,2395187,New Brighton,C,3,2017,0.053826149,1.087714405,2.957615213,0.005392295,1.514913582,284.963366120,0.055356197,2.873197308,0.021475856,1.019746973,24881.467004394,67655.448,34653.648181236,6518537,0,1231.273165606,23396.475733171,63617.59325,30102.234895656,5662391.761,91.94356783,1228.636897,0,123.348743613,491.260209180,22875,1174.329445,19028.63614,22875,20489.557395,2837.154623,65724.388419,2453.507889232
246,Rural Centers,45556,2395195,New Germany,C,3,2017,0.080191802,1.474862708,4.000404025,0.218724337,1.290408164,242.732693519,0.177360277,3.202155213,,0.148952844,,,,,0,34.642858424,637.140689831,1728.174539,557.456326923,104860.5236,76.61963986,1023.864081,0,94.488913522,,432,0,0,432,17.6343253,46.71330316,1383.331052,
248,Urban,45628,2395201,New Hope,C,1,2017,0.021374207,0.974176265,2.620910652,0.030729258,1.318761180,248.066047807,0.027977008,2.578987025,0.028501985,0.710951009,20988.627631387,56467.52,28412.709624478,5344583,0,460.507293927,21411.393679581,57604.92406,27212.203185759,5118761.303,130.2533878,1740.568938,0,662.061862501,614.075261475,21545,472.511256,7656.492648,21545,12588.626436,2728.813058,55564.275456,2700.645211835
254,Non-Council,45808,2395211,New Prague,C,3,2017,0.028321927,1.720688688,3.036732301,0.905476625,0.148499190,27.933493765,0.027363052,4.267889410,,0.644562115,,,678.789798136,127684,0,129.459528104,7865.267993237,13880.90335,5564.674662177,1046745.136,0,0,0,4138.933652922,,4571,125.0765089,2026.718642,4571,2377.244403,569.0490242,19508.522494,
258,Diversified Rural,46024,2395216,New Trier,C,3,2017,0.053043389,0.037833507,0.066769912,0.156519856,1.517131301,285.380530973,0.307464378,10.055032088,,,4.275186241,7.545,171.435836990,32248,0,5.993902991,363.675378008,641.82718,170.721542303,32113.63734,0,0,0,17.686743779,,113,34.7434747,562.9774006,113,,,1136.218626,
260,Urban,45790,2395227,Newport,C,4,2017,0.038592034,1.319155866,3.424257965,0.044009227,1.600369115,301.038010061,0.100196136,3.705907070,0,7.276624193,4719.939689809,12251.995,5726.120693506,1077114,0,138.082295873,5174.562166389,13432.10167,5185.511476009,975422.508,268.1687395,3583.524283,0,157.465013674,0,3578,90.33303423,1463.741242,3578,22618.215411,3417.545953,13259.735498,368.026183385
264,Suburban,47104,2395259,North Oaks,C,2,2017,0.054316520,1.465304228,3.984323513,0.008353721,3.213177511,604.415915628,0.027915113,2.637606100,0,0.120930520,,,16756.720721698,3152029,0,283.260651783,7641.561550600,20778.24712,8111.341219334,1525786.768,145.5773157,1945.341754,0,43.564656301,0,5215,0,0,5215,227.9834694,402.6691936,13755.115809,81.212897649
266,Urban,47221,2395261,North St. Paul,C,2,2017,0.056170488,1.753412615,3.094484646,0.032657235,1.619585412,304.652698570,0.034151093,2.591105282,0.050754216,0.123032294,,,19595.363901516,3685993,0,679.606735909,21214.539228005,37440.16973,16397.426682165,3084443.865,183.8871357,2457.273794,0,395.119882370,614.075261475,12099,229.3069331,3715.650844,12099,1027.68683,460.8808891,31349.782812,1515.204887069
268,Non-Council,46924,2395265,Northfield,C,3,2017,0.073145653,1.641898565,4.464502956,0.525370686,22.552694695,4242.282776350,0,2.948187542,,0.161860780,,,26318.994708684,4950744,0,85.360976973,1916.095625571,5210.07495,1751.519622854,329470.2309,0,0,0,613.107590305,,1167,0,0,1167,164.8454957,24.04603484,3440.534861,
270,Rural Centers,47520,2395278,Norwood Young America,C,3,2017,0.076771423,2.046378647,3.611521469,0.385814147,1.402164503,263.754660031,0.111163535,3.572877077,,1.875776234,,,,,0,293.113294415,7813.073675154,13788.78897,5353.464073625,1007015.292,229.8589196,3071.592243,0,1473.038411876,,3818,194.5634583,3152.673443,3818,5776.703678,1385.009984,13641.244679,
272,Rural Residential,47690,2395282,Oak Grove,C,5,2017,0.029067282,2.152900336,3.799514716,0.024579909,2.021448399,380.245280820,0.140471835,3.121734412,,0.230307215,,,17348.070162391,3263265,0,249.455412962,18476.190681637,32607.43529,13102.501674130,2464650.807,260.5067755,3481.137875,0,210.944782766,,8582,945.022512,15312.9853,8582,1000.659346,975.8371743,26790.724725,
274,Suburban,47914,2395285,Oak Park Heights,C,2,2017,0.067084691,1.087146333,2.842590679,0.012871408,1.208572076,227.338886546,0,6.631140446,0,1.428496568,5155.247911250,13479.565,5731.048782717,1078041,0,318.115606180,5566.203036647,14554.10039,6136.786889314,1154362.513,0,0,0,61.036216946,0,4742,0,0,4742,5662.922404,1111.008321,31444.867996,740.704801164
276,Suburban,47680,2395287,Oakdale,C,3,2017,0.037963774,1.141062895,2.986785979,0.019950472,1.413668976,265.918713107,0.035711084,3.441331141,0.017473242,0.411364306,,,,,0,1067.351503048,32080.983293715,83973.48781,39745.303273200,7476304.619,260.5067755,3481.137875,0,560.907533402,491.260209180,28115,743.5103587,12047.71637,28115,8299.608495,3265.89898,96753.025043,3609.098193795
228,Diversified Rural,42092,2395317,Miesville,C,1,2017,0.053755218,0.526940183,0.929962687,0.135738212,2.462179979,463.149253731,0.207423730,9.804494649,,1.478814858,70.609984542,124.615,329.932117195,62062,0,7.203199209,500.276328616,882.905372,241.809187978,45485.60459,0,0,0,18.188920415,,134,27.79477976,450.3819205,134,155.9397183,42.22147264,1313.802283,
230,Urban Center,43000,2395345,Minneapolis,C,1,2017,0.031822663,0.892556255,2.426958718,0.036306906,1.516951094,285.346633175,0.057251231,2.478265997,0.120790294,0.359822899,378434.926399663,1029006.227,643172.094496474,120984119,194.556773586,13492.490851017,307354.2978257,835730.1726,534112.896000496,100469499.1,4949.628735,66141.61963,0,15393.764945618,51213.876806981,423990,19324.32063,313128.0302,423990,117334,35227.310965,1050760,66486.044076438
234,Suburban,43252,2395350,Minnetonka,C,3,2017,0.021467516,1.404051042,3.817769356,0.113154133,2.154684337,405.307675020,0.055858477,3.399295801,0.023001658,0.368650068,74967.901338912,203845.977,115047.215499863,21640998,0,1146.236539512,58214.855385434,158292.6007,80894.137528403,15216620.94,1210.59031,16177.05248,0,6041.751792201,1228.150522949,53394,1771.91721,28711.84743,53394,12979.306494,6704.395247,181502,7019.593261775
236,Suburban,43270,2395351,Minnetonka Beach,C,4,2017,0.018807526,3.093063369,8.410379817,0.001511656,5.163141943,971.214678899,0,4.359049640,0,0.080685517,1685.719535919,4583.657,2813.912358878,529312,0,10.250101902,1025.696399960,2788.981431,862.332376201,162209.3429,0,0,0,0.823852628,0,545,0,0,545,4.67442543,39.29918135,2375.682054,82.627237755
238,Emerging Suburban Edge,43306,2395352,Minnetrista,C,5,2017,0.015470501,2.090072707,5.683137789,0.050169294,1.517599482,285.468598459,0.294530120,3.691298549,0,0.179894822,15729.887196633,42771.295,,,33.158071662,116.430988491,10624.376769486,28888.85008,11421.453705203,2148436.672,0,0,0,377.574108710,0,7526,2216.633686,35917.95816,7526,319.1458421,1034.742589,27780.712878,511.209509221
164,Diversified Rural,30842,2395420,Independence,C,1,2017,0.018977887,3.306320534,6.531066919,0.022964343,2.011996619,378.467350243,0.616733426,3.356428687,0,0.189538490,12253.223899764,24204.134,7456.459469203,1402600,0,70.332048586,7454.660003112,14725.39726,5465.757784401,1028138.341,367.7742713,4914.547588,0,85.105855877,0,3706,1917.839804,31076.35251,3706,419.0367626,283.392883,12438.924713,64.091938471
166,Suburban Edge,31076,2395429,Inver Grove Heights,C,2,2017,0.055691318,1.240503491,3.357464223,0.063765374,1.612346112,303.290947416,0.039674742,2.921979149,0.027987251,2.050862893,43549.115546869,117867.139,56603.022610260,10647332,1.621450549,1955.099425202,35758.975372776,96782.86385,47232.554863213,8884696.782,704.9006867,9419.549545,976.334677268,2238.547236924,982.520418359,35106,687.9207992,11146.95253,35106,66190.063401,5807.529309,102579,3038.598059244
170,Rural Centers,32174,2395483,Jordan,C,2,2017,0.028457619,1.265852170,2.966306236,0.078768287,1.581126871,297.418440878,0.022760219,3.974050695,,0.336716176,,,9654.360676653,1816037,0,173.762222495,7729.293352668,18112.26588,7318.801196910,1376705.741,0,0,0,480.959160637,,6106,138.9738988,2251.909602,6106,1302.436707,753.5522638,24265.553544,
172,Emerging Suburban Edge,34244,2395589,Lake Elmo,C,4,2017,0.040073742,1.663394570,4.522952959,0.012028986,2.488556684,468.110853286,0.060872522,3.865688601,0.012953808,0.276021419,15770.643913466,42882.117,23594.005918565,4438159,0,379.939150117,13720.646545093,37307.94847,15328.521043512,2883376.984,452.0558752,6040.798077,0,114.046816889,122.815052295,9481,125.0765089,2026.718642,9481,1541.209016,1075.750053,36650.593623,31.413238145
174,Rural Residential,34865,2395599,Lake St. Croix Beach,C,4,2017,0.033256661,2.189405471,3.863940271,0.000270645,1.358472452,255.535950956,0.055190599,2.049141821,,,,,,,0,34.786466962,2290.118122731,4041.681523,1420.962184831,267290.6047,22.98589196,307.1592243,0,0.283094427,,1046,34.7434747,562.9774006,1046,,17.93263615,2143.402345,
176,Rural Residential,34622,2395609,Lakeland,C,2,2017,0.033739084,1.642202401,4.189252247,0.006663251,2.277058793,428.326966292,0.023422567,2.471669828,,0.832127413,2923.120274594,7456.869,4053.164652380,762422,0,60.055568796,3328.830545395,8491.834399,2967.148564650,558136.5518,0,0,0,11.860586449,,1780,41.69216965,675.5728807,1780,1299.62319,181.5636053,4399.572293,
178,Rural Residential,34658,2395610,Lakeland Shores,C,3,2017,0.033903183,1.826269391,4.691482428,0.001183348,2.726532602,512.875399361,0.048958236,3.072437435,,0.110050436,571.622319507,1468.434,853.404704542,160530,0,10.611696309,640.938437492,1646.499378,487.275174180,91659.07253,15.32392797,204.7728162,0,0.370387968,,313,0,0,313,3.96550783,30.48027856,961.6729173,
182,Suburban Edge,35180,2395614,Lakeville,C,1,2017,0.058905486,2.029525452,3.901962351,0.116238697,1.505449300,283.183084058,0.044369923,2.971254819,0,1.182547233,125816.371319817,241894.352,,,0,3651.727775409,99326.785943184,190965.518,93327.318475299,17555368.93,137.9153517,1842.955346,0,7205.985551252,0,61993,2612.709298,42335.90052,61993,64065.437354,9244.213235,184197,5809.550863261
184,Suburban,35414,2395626,Landfall,C,1,2017,0.033602529,1.228189983,3.339583777,0,1.569804084,295.288563830,0.049046917,2.295811747,0,,923.598867403,2511.367,1180.492671006,222057,0,25.269101835,596.802518818,1622.771751,589.554498761,110898.3618,22.98589196,307.1592243,0,0,0,752,13.89738988,225.1909602,752,,,1726.450434,94.388592326
186,Urban,35738,2395642,Lauderdale,C,5,2017,0.052865068,0.957759484,2.478655400,0.008359971,1.242020252,233.630667766,0.135284087,1.993933849,0.050624506,0.374878528,2323.524507892,6013.218,3013.141130494,566788,0,128.250654574,2563.783093077,6635.00066,2684.902546106,505044.5626,91.94356783,1228.636897,0,20.281288981,122.815052295,2426,236.255628,3828.246324,2426,328.9599201,580.4953877,4837.283518,236.120358785
188,Suburban,36836,2395696,Lexington,C,3,2017,0.028641432,1.370275643,3.145121900,0.041787005,1.174842846,220.994237701,0.046017847,3.235792987,0,0.415087144,,,,,0,60.547987793,2896.762709746,6648.787696,2483.617777266,467181.8185,0,0,0,88.337727780,0,2114,97.28172917,1576.336722,2114,702.581649,174.9125744,6840.466374,152.450975622
190,Suburban,37016,2395708,Lilydale,C,1,2017,0.057297419,1.416655841,3.308933257,0.051745435,1.116120324,209.948216341,0.090420543,2.404642757,,0.291151018,1231.073925716,2875.463,969.908561143,182445,0,49.791457305,1767.642038043,4128.744157,1536.361161704,288997.7709,22.98589196,307.1592243,0,44.966782950,,869,55.58955953,900.763841,869,178.0712397,74.93899498,2089.634556,98.036101012
192,Emerging Suburban Edge,37322,2395725,Lino Lakes,C,3,2017,0.029022029,1.409261285,3.304837023,0.036043425,1.430602557,269.104010466,0.030425771,2.770315129,0,0.347803145,,,,,0,612.858177063,29759.370558428,69788.24342,30210.034205019,5682669.389,183.8871357,2457.273794,0,761.129001952,0,21117,458.6138661,7431.301688,21117,5228.976218,2115.582805,58500.744588,1342.171540851
196,Suburban,37502,2395733,Little Canada,C,1,2017,0.055534286,1.130256843,3.073292787,0.026475741,1.346085659,253.205928854,0.059582149,3.478484660,0.036407624,0.503126063,11438.199250477,31101.723,13622.386873024,2562444,0,562.006977087,10795.907864022,29355.26201,13184.834888453,2480138.126,505.6896231,6757.502934,0,267.934497596,368.445156885,10120,97.28172917,1576.336722,10120,3967.368734,1124.267026,35202.264758,1288.612714274
198,Suburban,38006,2395756,Long Lake,C,2,2017,0.023332606,1.434252283,3.771139755,0.102202460,2.184211621,410.861915367,0,3.874236330,0,1.218911952,2575.917100890,6772.967,3922.844071012,737908,0,41.905360389,2749.522414491,7229.434741,2622.277068345,493264.3745,0,0,0,183.555618592,0,1796,0,0,1796,1857.984415,331.1814506,6958.128448,363.894821507
200,Suburban,38222,2395764,Loretto,C,4,2017,0.019726367,1.475244629,3.842417683,0.112064453,1.887110542,354.975609756,0,3.480903253,,0.297305514,967.760476560,2520.626,1237.944515783,232864,0,12.940496540,1053.413869007,2743.718566,906.107420983,170443.6635,0,0,0,73.514281475,,656,0,0,656,84.6270385,110.4053789,2283.472534,
204,Suburban,39428,2395818,Mahtomedi,C,4,2017,0.034817257,1.335007381,3.520545949,0.011538633,1.999649740,376.144836116,0.142589763,2.426630827,0,1.019291695,10793.534674254,28463.614,16167.168146326,3041131,0,281.497523753,11452.206201333,30200.59569,12283.23061664,2310541.529,888.7878224,11876.82334,0,93.289844227,0,8085,264.0504078,4278.628245,8085,7107.098323,1133.875034,19619.310236,635.596999604
206,Suburban Edge,40166,2395838,Maple Grove,C,4,2017,0.019633918,1.520775432,3.373298018,0.097149593,1.889253959,355.378797857,0.011336064,3.833552848,0.007352654,0.667281525,,,126228.61399469,23744279,0,1311.820618529,101609.089696792,225383.5338,111674.912941687,21006649.81,0,0,0,6490.952938767,491.260209180,66814,757.4077486,12272.90733,66814,35396.410844,9187.336948,256135,7481.189208422
208,Suburban,40256,2395841,Maple Plain,C,4,2017,0.020354669,1.251454989,3.057869945,0.284477617,1.748270303,328.859016393,0.020154799,3.425016756,0,1.086691446,2290.162629543,5595.902,3199.334654271,601812,0,37.249043581,2878.444217032,7033.339704,2561.532759724,481838.0444,22.98589196,307.1592243,0,520.594038218,0,1830,13.89738988,225.1909602,1830,1352.348937,636.2964098,6267.780664,412.763994007
210,Urban,40382,2395846,Maplewood,C,5,2017,0.055226103,1.004673412,2.731817613,0.028835450,1.556147906,292.719763497,0.057175601,3.618376410,0.052087014,0.456625141,,,62376.632646727,11733379,0,2213.683109985,40271.329057064,109502.1772,53706.360350369,10102454.3,61.29571189,819.0912647,0,1155.840175337,2087.855889014,40084,2230.531076,36143.14912,40084,14213.177577,4090.184567,145039,5256.581101037
334,Suburban Edge,59350,2395854,Shakopee,C,2,2017,0.025754448,1.498892500,2.647279337,0.087185605,1.547203560,291.037284135,0.037656407,4.171897204,,1.693867303,,,64238.344605373,12083577,117.492711806,1069.298914933,62232.517688106,109912.3908,52358.490163709,9848912.692,0,0,0,3619.859123894,,41519,1563.456362,25333.98303,41519,63034.183783,7293.49275,173213,4301.082700652
336,Suburban,59998,2395876,Shoreview,C,4,2017,0.053380256,1.232162894,3.260464211,0.004356330,1.850518091,348.092373426,0.027952261,2.224248800,0.013931454,0.289129308,32587.012067041,86229.497,48940.651944264,9205999,0,1411.747632383,34338.470968069,90864.08638,42277.791372145,7952679.207,252.8448115,3378.751467,0,115.211859795,368.445156885,26447,486.4086459,7881.683608,26447,5566.841915,2079.760891,58824.708019,3037.407036196
338,Suburban,60016,2395877,Shorewood,C,1,2017,0.031494635,1.862405180,5.064084717,0.109549388,2.905211505,546.485858848,0.037262623,2.180590839,0,0.198105905,14355.419126013,39033.965,22393.370280977,4212313,0,242.760643279,11800.726190234,32087.47366,12760.889544262,2400391.734,99.60553182,1331.023305,0,844.406682640,0,7708,187.6147634,3040.077963,7708,834.1744785,692.8258368,16807.994187,1087.776419308
340,Urban Center,61492,2395918,South St. Paul,C,1,2017,0.169220110,1.098170423,2.941672104,0.093992299,1.699839678,319.748956209,0.030474141,2.714000108,0.041737322,1.794037202,22620.114371263,60592.562,35013.297686448,6586189,0,3485.595826447,23269.271152994,62331.46004,28765.313397483,5410909.66,99.60553182,1331.023305,0,1936.053365472,859.705366064,20598,528.1008155,8557.256489,20598,32918.743832,4034.834462,55902.974233,4519.933221850
342,Suburban,61996,2395934,Spring Lake Park,C,1,2017,0.028531293,1.198332411,3.036752713,0.090532676,1.447319117,272.248484961,0.050633901,3.312910488,0.057123280,0.416828582,7729.244052747,19587.055,,,0,184.026838196,8935.367634915,22643.5517,9335.208305392,1756002.728,0,0,0,583.935762937,368.445156885,6450,326.5886622,5291.987566,6450,2014.943202,673.601149,21368.272646,810.714636424
348,Suburban,62014,2395935,Spring Park,C,2,2017,0.017757480,1.154062696,3.138023523,0.227868154,1.014555739,190.843373494,0.017583394,3.507552043,0,0.477298088,2011.531279647,5469.575,1768.370652956,332640,0,30.951288096,1644.310696906,4471.061808,1833.124322587,344820.5124,30.64785594,409.5456324,0,397.174192852,0,1743,0,0,1743,598.2599934,233.6705737,6113.663211,340.930404493
352,Suburban,62824,2395969,Stillwater,C,1,2017,0.008348843,1.315803347,3.577814158,0.010847446,1.922944255,361.716123152,0.030667294,3.597680305,0.006219113,0.283752005,25984.484499123,70654.674,37974.303141757,7143170,498.771567691,164.872955763,25081.427370796,68199.16225,30465.957963663,5730810.02,160.9012437,2150.11457,0,214.215357799,122.815052295,19748,444.7164762,7206.110728,19748,3848.824419,1754.710182,71046.990667,2633.277960089
356,Rural Residential,63544,2396006,Sunfish Lake,C,3,2017,0.052988863,2.971177597,8.078958984,0.013262745,4.701207138,884.322265625,0.135716698,2.982797236,,0.800921787,1521.242929565,4136.427,2407.018054506,452773,0,27.130297750,905.192075720,2461.316907,757.337586056,142459.26,0,0,0,6.790525553,,512,69.48694941,1125.954801,512,388.9742257,21.09772909,1527.192185,
278,Emerging Suburban Edge,48580,2396081,Orono,C,3,2017,0.020944655,2.667182951,7.252364075,0.081056634,3.894300250,732.538754281,0.092444300,3.653089249,0.015579735,0.325728193,21025.403200160,57170.386,30698.768872265,5774603,0,165.106715970,11547.845807648,31399.86406,12770.997134977,2402293.026,214.5349916,2866.819427,0,638.969449095,122.815052295,7883,514.2034256,8332.065529,7883,1542.095163,1025.620184,28797.302553,870.154140304
280,Urban,49012,2396098,Osseo,C,1,2017,0.031080915,1.047150745,2.777747851,0.197723843,1.293274402,243.271848138,0.079641203,4.769144230,0,0.528829182,2923.644880643,7755.472,3610.822129171,679215,0,86.777915904,3065.643302308,8132.14729,3253.653850956,612029.7321,0,0,0,552.044968868,0,2792,222.3582381,3603.055364,2792,1128.729741,347.7613347,13315.450691,278.401683947
282,Rural Residential,51316,2396211,Pine Springs,C,1,2017,0.032765828,1.845807152,4.844861575,0.000142948,2.157628964,405.861575179,0.051454305,2.145923186,,,773.393196827,2029.997,904.046536072,170056,0,13.728882099,828.447521685,2174.503203,649.130272372,122104.8842,7.66196399,102.3864081,0,0.059895054,,419,13.89738988,225.1909602,419,,2.75753303,899.141815,
284,Suburban Edge,51730,2396242,Plymouth,C,2,2017,0.021005580,1.303406808,3.544106605,0.125438252,1.927473600,362.568117375,0.047988569,3.217215993,0.007987244,0.643817749,100208.522245674,272478.004,148188.025351903,27874962,0,1614.950971383,79182.36806452,215305.576,112498.238811841,21161521.82,743.2105066,9931.481585,0,9643.943693113,614.075261475,76882,2946.246655,47740.48357,76882,39032.360599,10465.635607,247346,9383.067237921
286,Emerging Suburban Edge,52594,2396284,Prior Lake,C,3,2017,0.042455181,1.613686044,3.306154333,0.169079740,1.503397724,282.797171556,0.070555632,3.343104195,,0.228339144,,,,,0,1092.584083438,41528.210333013,85083.88177,38689.940427728,7277785.21,22.98589196,307.1592243,0,4351.267118360,,25735,1792.763295,29049.63387,25735,3380.384961,2495.922919,86034.786452,2193.715942506
288,Emerging Suburban Edge,53026,2396311,Ramsey,C,2,2017,0.029960792,1.887416522,3.330979484,0.007764197,1.495855999,281.378532688,0.043160626,2.995646874,0,0.430773366,,,,,0,792.822484656,49944.815999237,88144.3791,39583.341451149,7445838.732,475.0417671,6347.957302,0,205.456190130,0,26462,667.0747143,10809.16609,26462,8651.364546,2747.760259,79270.807567,1090.158465761
290,Diversified Rural,53098,2396316,Randolph,C,2,2017,0.051915347,1.287521351,2.983621849,0.012326562,1.765135831,332.031512605,0.029196197,3.505584059,,0.877114210,612.860162979,1420.204,840.204655446,158047,0,24.711705315,902.117698191,2090.51141,652.927185955,122819.104,0,0,0,5.867443722,,476,13.89738988,225.1909602,476,351.0914414,66.41492276,1668.658012,
296,Urban Center,54214,2396362,Richfield,C,4,2017,0.026779732,0.995552312,2.707016336,0.049223976,1.466192998,275.798763135,0.049458096,3.001559764,0.107543829,0.241276398,36381.463679176,98925.205,53580.556918302,10078790,0,978.638515748,34979.116542437,95112.06875,47217.196305727,8881807.755,306.4785594,4095.456324,0,1798.840972925,3930.081673437,36544,1500.918107,24320.62371,36544,5889.753882,2927.450823,109689,4515.392447039
298,Urban Center,54808,2396388,Robbinsdale,C,3,2017,0.018167844,1.103571802,2.952336406,0.009868690,1.764052821,331.827792732,0.049399501,2.450032729,0.057853659,0.142280076,16399.076978851,43871.719,26213.824925653,4930961,0,269.974163463,16911.786321514,45243.34743,20452.038395909,3847138.065,122.5914238,1638.182529,0,146.648727994,859.705366064,14860,611.4851548,9908.40225,14860,1090.846957,1023.434969,36407.486355,1527.412875363
300,Non-Council,55006,2396406,Rockford,C,4,2017,0.028992867,1.332861992,3.624198493,0.056979205,0.668284749,125.707943925,0,5.950240570,,,,,286.025872538,53803,0,12.408946966,570.464932764,1551.156955,508.434441037,95639.24406,0,0,0,24.387099891,,428,0,0,428,,14.28193991,2546.702964,
302,Emerging Suburban Edge,55186,2396415,Rogers,C,4,2017,0.019744675,1.364920696,3.711369639,0.064263558,1.649336926,310.249117855,0.043589398,6.253144894,,5.074496019,17406.833641649,47331.097,21033.993819382,3956607,0,251.803834866,14325.633998783,38952.97596,16478.227111891,3099642.859,0,0,0,819.553152183,,12753,555.8955953,9007.63841,12753,55071.399763,9643.647964,79746.356827,
304,Emerging Suburban Edge,55726,2396433,Rosemount,C,4,2017,0.054681939,1.524844868,3.483902441,0.099816958,1.457679068,274.197247236,0.057203064,2.911820679,,1.051947832,36542.907270215,83491.722,,,38.134078666,1310.452673727,33962.046580772,77595.07832,34933.27886124,6571137.03,245.1828475,3276.365059,0,2392.113388844,,23965,1125.68858,18240.46778,23965,21051.994896,4157.934899,69781.782574,1923.874738702
306,Urban,55852,2396435,Roseville,C,2,2017,0.054157562,1.052991841,2.863200739,0.022741460,1.523944045,286.662044627,0.038416385,4.406507906,0.054604186,1.822536656,37894.017368802,103038.005,54842.174337276,10316107,0,1948.968192253,36305.718603346,98719.2458,48983.416344803,9214043.213,743.2105066,9931.481585,0,818.396934361,1965.040836719,35987,639.2799346,10358.78417,35987,58898.978807,6688.647825,158577,4648.042659749
308,Urban,56680,2396471,St. Anthony,C,4,2017,0.018217444,0.986873301,2.567397065,0.075453133,1.524751981,286.814021739,0.049849333,2.457910853,0.066747311,0.350209095,9079.234366432,23620.053,14027.718223536,2638689,0,167.600488932,9907.219878841,25774.09605,11449.105511474,2153638.125,0,0,0,694.168819714,614.075261475,9200,458.6138661,7431.301688,9200,2376.358256,845.5654176,22612.779848,1059.564056197
312,Suburban,56770,2396475,St. Bonifacius,C,2,2017,0.020364189,1.419455814,3.547148148,0.059564971,1.853027972,348.564495530,0.016308991,2.468799318,,0.417802599,3334.301706702,8332.251,4352.762705886,818778,0.735915062,47.835479162,3983.322737917,9954.121668,3576.349902188,672730.5893,38.30981993,511.9320405,0,139.918117960,,2349,0,0,2349,676.9276933,304.4906121,5799.209597,353.659465482
314,Rural Centers,56950,2396487,St. Francis,C,2,2017,0.029970154,1.882028971,3.321471343,0.010611608,1.354722225,254.830513202,0.283036931,3.987475723,,0.294943652,,,,,0,225.885048819,14184.852351122,25033.92951,10210.541412074,1920657.578,0,0,0,79.979687004,,7537,2133.249347,34566.8124,7537,1525.369138,697.6211694,30053.604524,
318,Urban Center,57220,2396500,St. Louis Park,C,4,2017,0.011522449,1.495577140,2.639447473,0.041734180,1.508261972,283.712162715,0.041181827,3.563430090,0.057742155,0.521446248,,,73784.175679813,13879199,352.101374021,563.678205464,73163.633687945,129121.7704,67645.825586779,12724542.44,367.7742713,4914.547588,0,2041.636080612,2824.746202783,48920,1646.840701,26685.12879,48920,17330.376879,8178.77358,174323,6592.313671493
320,Rural Residential,57292,2396508,St. Marys Point,C,1,2017,0.032542535,3.034879551,5.356062853,0,1.618791007,304.503266667,0.098355418,1.292711911,,,,,,,0,12.203450755,1138.079831727,2008.52357,607.046627551,114188.725,22.98589196,307.1592243,0,0,,375,13.89738988,225.1909602,375,,5.19422101,484.7669666,
322,Urban Center,58000,2396511,St. Paul,C,3,2017,0.055420060,0.861588764,2.342754703,0.015145187,1.454331901,273.567627272,0.051804446,2.679859629,0.090568057,0.410300144,266386.01412654,724332.899,449650.337260998,84581639,0,17134.774049382,220329.43913386,599100.0012,364245.997122564,68516624.77,4405.629292,58872.18465,0,4682.589015701,28001.831923242,309180,11611.26925,188147.0473,309180,100426,26430.598514,828559,36521.052983865
324,Emerging Suburban Edge,58018,2396516,St. Paul Park,C,5,2017,0.040365316,1.199297220,3.078203075,0.023829705,1.549368832,291.444583482,0.039654802,2.765244601,0,0.661119890,6708.868646644,17219.468,8667.169248168,1630341,0,225.803579826,7536.683021722,19344.19631,7678.359885997,1444340.658,68.95767587,921.4776728,0,133.303368523,0,5594,152.8712887,2477.100563,5594,2526.205714,1172.098951,15468.778299,452.588833888
330,Suburban,58738,2396543,Savage,C,4,2017,0.030248740,1.610284057,3.152150149,0.094612114,1.439534798,270.784212744,0.028112939,2.536541169,,0.858502533,,,,,0,929.029553262,49456.654229577,96811.98752,44212.432241106,8316595.526,168.5632077,2252.500978,0,2905.821867094,,30713,694.8694941,11259.54801,30713,22012.445322,4354.742979,77904.788925,2845.428975974
331,Diversified Rural,58900,2396548,Scandia,C,3,2017,0.033816756,1.469367415,3.970453865,0.000400427,1.506577592,283.395321808,0.289858950,2.832990844,,0.241867101,,,,,0,136.924043932,5949.468662081,16076.3677,6100.132670825,1147467.658,291.1546315,3890.683508,0,1.621327063,,4049,882.4842575,14299.62598,4049,415.8466334,563.4732578,11470.779927,
358,Suburban,65164,2397036,Tonka Bay,C,5,2017,0.018558484,2.114765355,5.750279817,0.010418518,1.689444722,317.793609305,0.030125678,3.477675064,0,0.090654511,3227.131932028,8774.927,,,0,28.320245897,2740.329826594,7451.258483,2578.092646077,484953.0478,45.97178392,614.3184486,0,15.898658982,0,1526,0,0,1526,41.98121413,96.3575691,5306.932147,330.508951128
360,Suburban,66460,2397106,Vadnais Heights,C,3,2017,0.055329024,1.676593033,3.681758596,0.005153296,1.837252979,345.597134761,0.011486350,3.808823315,0,0.727677115,,,23340.461842232,4390466,0,702.899919532,21299.437893603,46773.0612,20344.489196375,3826907.484,0,0,0,65.467467349,0,12704,145.9225938,2364.505082,12704,6145.185755,3099.224318,48387.291395,1637.805842523
362,Rural Centers,66802,2397127,Vermillion,C,3,2017,0.053929403,2.115772459,4.933147416,0.151330897,4.202382378,790.490654206,0.066607591,2.469895154,,0.138138412,,,1798.619657932,338330,0,23.081784326,905.550612273,2111.387094,644.811211523,121292.4457,7.66196399,102.3864081,0,64.769624075,,428,20.84608482,337.7864404,428,37.46186443,21.66137578,1057.115126,
366,Emerging Suburban Edge,67036,2397135,Victoria,C,2,2017,0.095318832,1.816024946,3.927582145,0.095293184,2.574464091,484.270497165,0.081685184,2.826385162,,0.152415615,,,23612.984644007,4441729,0,874.264329490,16656.580804827,36023.78343,14492.676035211,2726150.057,61.29571189,819.0912647,0,874.029084024,,9172,687.9207992,11146.95253,9172,422.6478117,975.3082136,25923.604702,869.446970269
368,Emerging Suburban Edge,67432,2397159,Waconia,C,2,2017,0.083623035,1.183149313,3.137249996,0.156255172,1.354639745,254.814998179,0.026431200,3.724375516,,0.560193378,,,,,0,1056.409795616,14946.725275099,39632.8792,17113.163896176,3219077.872,153.2392797,2047.728162,0,1973.971585559,,12633,180.6660685,2927.482483,12633,5704.261161,1372.661785,47050.035892,1305.287039801
374,Rural Centers,68548,2397211,Watertown,C,2,2017,0.080210726,1.245930038,3.387820939,0.126826008,1.615548227,303.893282408,0,2.735171133,,0.178976469,5545.634600180,15079.191,7190.805158540,1352629,0,357.017941879,5024.177434869,13661.29156,5433.002035344,1021976.809,0,0,0,564.502559416,,4451,0,0,4451,359.0003034,437.6239597,12174.246714,
378,Suburban,68818,2397235,Wayzata,C,1,2017,0.021889060,1.836567073,4.993828060,0.069757078,2.635848511,495.817235637,0.122434783,5.152662555,0.025565165,0.362999222,8822.868218223,23990.35,12662.616247292,2381906,0,105.155045410,6044.763772883,16436.37817,6852.798943977,1289048.219,421.4080192,5631.252445,0,335.113000896,122.815052295,4804,166.7686786,2702.291523,4804,874.8264721,869.0217913,24753.390916,789.983388027
382,Urban Center,69700,2397275,West St. Paul,C,5,2017,0.052836929,1.003283599,2.728038558,0.082465602,1.376072787,258.846668248,0.052213938,3.033979905,0.064072354,0.335034980,21154.234688526,57520.693,29014.494706079,5457782,0,1114.066652141,19432.791428019,52839.89926,25350.438341858,4768553.355,107.2674958,1433.409713,0,1738.787219915,1350.965575244,21085,993.6633766,16101.15366,21085,5556.318919,1507.893633,63971.46629,3081.772651424
384,Suburban,69970,2397299,White Bear Lake,C,1,2017,0.053462433,0.940196056,2.556496583,0.004973144,1.613746076,303.554288178,0.070497710,3.076895582,0.009628022,0.586317785,,,41169.889896465,7744277,0,1363.933586592,23986.281782422,65221.34083,31501.442784496,5925590.266,957.7454982,12798.30101,0,126.874854212,245.630104590,25512,840.7920879,13624.05309,25512,12654.489311,2303.650026,78497.76008,3194.138250675
390,Suburban,70366,2397314,Willernie,C,3,2017,0.033595440,1.272524937,3.419104673,0.017878294,1.725022507,324.485981308,0.272107132,2.367180277,0,,680.800841522,1829.221,922.887041105,173600,0,17.973560623,696.253200772,1870.739427,626.365555950,117822.719,145.5773157,1945.341754,0,9.564887523,0,535,0,0,535,,,1266.441448,69.414323611
392,Suburban Edge,71428,2397369,Woodbury,C,2,2017,0.038957257,1.277881084,3.474699349,0.037099313,1.889953805,355.510442774,0.041395577,3.193500994,0,0.405179450,88718.172109328,241234.477,131211.932892007,24681668,0,2704.646526198,76928.566491263,209177.2414,104860.473930478,19724817.3,268.1687395,3583.524283,0,2575.656890367,0,69426,2605.760603,42223.30504,69426,20687.987862,7442.000645,221712,6196.558978368
394,Suburban,71500,2397370,Woodland,C,5,2017,0.022937836,4.100684323,11.150212121,0.011498689,5.625980306,1058.277056277,0.031624803,2.228862864,,0.050358444,1894.516157272,5151.398,2599.202901412,488924,0,10.597280022,931.896348655,2533.928765,770.844432894,144999.9703,7.66196399,102.3864081,0,5.312394304,,462,6.94869494,112.5954801,462,0,23.26560096,1029.734643,
271,Rural Residential,47536,2437910,Nowthen,C,4,2017,0.029381413,2.263442006,3.994602568,0.001912718,0.735923309,138.431119708,1.080178157,3.625375026,,0.159268932,,,3424.251157353,644120,0,136.711716558,10531.795654598,18586.88575,6939.312645215,1305321.91,321.8024874,4300.22914,0,8.899878340,,4653,4704.266475,76227.14004,4653,290.6119087,450.4664327,16868.869997,
14,Diversified Rural,4132,663529,Baytown Twp.,T,3,2017,0.034381366,2.035104874,5.533674199,0,2.772467646,521.516027325,0.089508683,3.170817850,0,0.167411587,3872.804575473,10530.582,5276.005930353,992445,0,65.427740053,3315.291377220,9014.642237,3112.163136587,585414.5702,38.30981993,511.9320405,0,0,0,1903,132.0252039,2139.314122,1903,111.3443706,207.2398798,6034.066369,
18,Diversified Rural,4852,663556,Belle Plaine Twp.,T,2,2017,0.026096307,2.445195461,4.791076452,0.004006625,1.543619168,290.363040880,1.231718029,2.485633945,,0.134924174,,,,,0,24.321758067,2278.922169657,4465.283253,1438.653065000,270618.3541,15.32392797,204.7728162,0,3.734174462,,932,1132.637275,18353.06326,932,62.07459735,63.67473271,2316.610837,
20,Agricultural,5266,663571,Benton Twp.,T,4,2017,0.077943735,1.851237332,5.033718109,0.005822111,1.617014109,304.169022721,1.777151254,3.914021207,,3.002858295,,,,,0,60.718169855,1442.113881519,3921.266407,1259.653991148,236947.6687,91.94356783,1228.636897,0,4.535424201,,779,1292.457259,20942.7593,779,2210.914611,128.3120005,3049.02252,
30,Agricultural,6418,663612,Blakeley Twp.,T,4,2017,0.026250641,2.898664231,5.115665234,0.144182895,1.561483440,293.723406081,1.734375216,2.816248475,,0.847766802,,,,,0,11.655284501,1287.006918446,2271.355364,693.298647251,130413.1923,61.29571189,819.0912647,0,64.017205503,,444,708.766884,11484.73897,444,369.523299,6.88516108,1250.414323,
42,Agricultural,9406,663731,Camden Twp.,T,2,2017,0.077096868,2.379833391,4.656212711,0.006959177,1.522460921,286.383061070,1.876711850,2.567840226,,0.089117962,,,,,0,73.473315119,2267.981221468,4437.370714,1450.905257538,272923.0572,252.8448115,3378.751467,0,6.632096020,,953,1535.661582,24883.60111,953,16.01710703,68.91231116,2447.151735,
46,Agricultural,10306,663763,Castle Rock Twp.,T,2,2017,0.054124328,2.151585110,4.052966472,0.018637788,1.534467498,288.641562682,1.272266012,3.397668968,,2.568836782,2951.974770433,5560.67,,,0,74.258578402,3293.717516451,6204.414877,2105.289407816,396016.224,15.32392797,204.7728162,0,25.571044740,,1372,1730.22504,28036.27455,1372,3321.72203,202.7220348,4661.601824,
48,Diversified Rural,10450,663767,Cedar Lake Twp.,T,1,2017,0.026311151,2.338183987,4.126509862,0.044743767,1.479955569,278.387576557,0.216338514,2.897506823,,0.098951115,,,,,0,81.932924605,7281.104936106,12849.95171,4608.581642424,866898.9134,145.5773157,1945.341754,0,139.332089019,,3114,528.1008155,8557.256489,3114,87.41840155,220.7153713,9022.836248,
78,Diversified Rural,13726,663886,Credit River Twp.,T,2,2017,0.026338419,2.111389923,3.761968746,0.002624349,1.430368422,269.059968299,0.167817624,2.541203964,,0.078393026,,,,,0,149.549540852,11988.471982051,21360.45854,8121.631898930,1527722.5,84.28160385,1126.250489,0,14.901053979,,5678,868.5868676,14074.43501,5678,168.235008,276.8805959,14428.956109,
82,Agricultural,14482,663913,Dahlgren Twp.,T,5,2017,0.078425814,2.481745959,4.756957367,0.012404324,0.345059544,64.907550077,1.595184753,3.989140010,,0.431050295,,,447.887288094,84250,0,101.796707061,3221.306254856,6174.530663,2089.097539683,392970.4468,222.1969556,2969.205835,0,16.100812477,,1298,1848.352854,29950.39771,1298,384.521337,174.9819463,5177.903733,
90,Diversified Rural,15688,663965,Denmark Twp.,T,4,2017,0.033459298,2.042292349,5.553217733,0.013744878,2.136521423,401.891133558,0.113185269,6.101162546,,1.127986299,3639.364965139,9895.834,3807.281176429,716170,0,59.624468634,3166.714423164,8610.645142,2966.874469856,558084.9931,76.61963986,1023.864081,0,24.493373239,,1782,125.0765089,2026.718642,1782,937.7207554,1072.35083,10872.271657,
92,Agricultural,16228,663994,Douglas Twp.,T,2,2017,0.053483415,4.167508713,7.354966887,0.130318957,1.582093589,297.600285563,1.466445428,4.285610111,,0.242131985,3146.469078069,5553,,,0,40.379978046,2139.240466565,3775.407295,1194.480659368,224688.2156,99.60553182,1331.023305,0,98.390812512,,755,1007.560766,16326.34462,755,146.9010189,35.90862974,3235.635634,
104,Agricultural,19376,664099,Empire Twp.,T,3,2017,0.054901315,1.529058648,3.801826578,7.694671790e-05,1.390671820,261.592824651,0.35717339,3.941323194,,0.576001226,4602.466530585,11443.498,,,0,165.252957031,4621.883147173,11491.77516,4185.922177586,787394.4022,53.6337479,716.7048566,0,0.231609621,,3010,1021.458156,16551.53558,3010,703.9551768,1029.808513,11863.382813,188.367770325
106,Agricultural,19871,664113,Eureka Twp.,T,4,2017,0.052902653,1.337670460,2.360768176,0.150938341,1.537629617,289.236374143,1.374049348,2.728122479,,0.678021130,1950.323530833,3442,,,0,77.132067440,3734.351907036,6590.516425,2241.863981596,421706.6335,22.98589196,307.1592243,0,220.068100705,,1458,1980.378058,32089.71183,1458,664.7874794,323.7673288,3977.602574,
130,Agricultural,25802,664346,Greenvale Twp.,T,1,2017,0.053507507,0.922906572,1.853667929,0.000432297,0.176098118,33.125,1.834816297,2.326523380,,0.243594238,730.942005075,1468.105,139.469709236,26235,0,42.377945710,1886.864912153,3789.788783,1212.878539057,228148.9554,84.28160385,1126.250489,0,0.342379440,,792,1368.892903,22181.30958,792,142.9355111,49.99112544,1842.606517,
134,Diversified Rural,25982,664354,Grey Cloud Island Twp.,T,1,2017,0.033161551,1.921978612,5.152836667,0,1.582654597,297.705814167,1.823303629,3.356305363,,0.358978084,576.593583608,1545.851,,,0,9.948465289,592.158239616,1587.57994,474.796378956,89311.74425,53.6337479,716.7048566,0,0,,300,493.3573408,7994.279088,300,105.8724128,1.82101238,1006.891609,
142,Agricultural,26882,664386,Hampton Twp.,T,5,2017,0.052578096,3.747355773,7.084502756,0.155146875,1.504601926,283.023688313,1.930237979,3.849337475,,1.508210146,3398.851685940,6425.644,,,0,47.688333448,2213.069337210,4183.882388,1364.673946445,256702.4853,145.5773157,1945.341754,0,140.718215258,,907,1605.148531,26009.55591,907,872.9434097,495.0031925,3491.34909,
144,Agricultural,26918,664388,Hancock Twp.,T,2,2017,0.080434347,2.688279955,5.672319348,0.000343335,1.675275311,315.128267085,2.666438429,2.400392641,,,,,,,0,25.658556679,857.561305606,1809.469872,534.412824188,100525.9172,30.64785594,409.5456324,0,0.109523920,,319,819.946003,13286.26665,319,,23.14420014,765.7252526,
154,Diversified Rural,28322,664443,Helena Twp.,T,4,2017,0.026624484,2.198049817,3.988716536,0.041116451,1.370008582,257.705958779,0.521260469,3.113231183,,0.065496901,,,,,0,49.734535917,4105.957058835,7450.92249,2559.176030507,481394.731,84.28160385,1126.250489,0,76.805529772,,1868,889.4329524,14412.22146,1868,68.25547268,54.09273903,5815.51585,
158,Agricultural,29726,664502,Hollywood Twp.,T,5,2017,0.077034772,2.207861008,4.406766268,0.008987647,1.475578440,277.564215113,1.898721274,3.647261753,,1.571434414,,,,,0,78.498433044,2249.810367526,4490.494827,1503.614430466,282837.9352,406.0840913,5426.479629,0,9.158412283,,1019,1528.712887,24771.00563,1019,1412.89493,188.3967374,3716.559726,
168,Diversified Rural,31580,664569,Jackson Twp.,T,5,2017,0.026470644,1.655852509,2.922307118,0.110923308,1.040295360,195.685134164,0.171865309,2.937768785,,5.284111174,,,,,0,40.367731935,2525.175076509,4456.518355,1586.450423655,298419.8296,53.6337479,716.7048566,0,169.158044210,,1525,208.4608482,3377.864404,1525,7164.941569,893.3279708,4480.097397,
180,Diversified Rural,35108,664705,Laketown Twp.,T,1,2017,0.076184612,1.679733544,3.499700694,0.009879755,1.220359741,229.556209508,0.768472388,2.750902088,,0.142820299,,,,,0,164.254023923,3621.505521204,7545.354697,2631.095600637,494923.1877,107.2674958,1433.409713,0,21.300751009,,2156,1549.558972,25108.79207,2156,119.7406134,188.1799502,5930.944902,53.596046116
194,Diversified Rural,37376,664793,Linwood Twp.,T,1,2017,0.029220955,2.117980112,3.737886269,0.001106293,0.493471197,92.824577687,0.169015360,2.508755059,,0.080224495,,,2658.329339610,500046,0,157.413284529,11409.558863507,20135.99333,7880.468001387,1482358.278,375.4362353,5016.933997,0,5.959602841,,5387,535.0495105,8669.851969,5387,95.03926575,337.130091,13514.663501,
202,Diversified Rural,38294,664829,Louisville Twp.,T,4,2017,0.026363496,2.520670309,4.448568181,0.127433987,1.473086844,277.095532596,0.148310681,6.160353484,,2.520031685,,,,,0,36.961621396,3533.979772677,6236.89259,2065.267755795,388487.9367,68.95767587,921.4776728,0,178.662449569,,1402,138.9738988,2251.909602,1402,3030.467664,502.6167585,8636.815584,
214,Agricultural,40724,664919,Marshan Twp.,T,4,2017,0.053420094,2.845441538,5.021735942,0.190384746,0.918737213,172.819395018,1.562969108,3.641406359,,0.345673058,,,1032.660627002,194249,0,60.044186105,3198.276288663,5644.431199,1868.127372825,351404.7738,61.29571189,819.0912647,0,213.992454519,,1124,1695.481566,27473.29715,1124,182.5019747,206.034543,4092.940747,
216,Diversified Rural,41120,664932,May Twp.,T,4,2017,0.034013694,1.900084662,4.547712067,0,2.100204458,395.059717698,0.371182225,2.978934163,,0.146679574,,,5802.864917730,1091550,0,93.979835433,5249.933920168,12565.32844,4577.364552864,861026.8115,268.1687395,3583.524283,0,0,,2763,757.4077486,12272.90733,2763,206.7159414,198.5597208,8230.795093,
252,Diversified Rural,45754,665104,New Market Twp.,T,3,2017,0.026895966,2.435893079,4.340749604,0.236327219,1.583611251,297.885766036,0.325934829,3.034523781,,2.927874950,,,,,0,95.184823421,8620.625607440,15361.91285,5604.400217906,1054217.726,0,0,0,836.362028432,,3539,1153.48336,18690.8497,3539,8389.020727,1972.72872,10739.179662,
262,Agricultural,46330,665126,Nininger Twp.,T,2,2017,0.053698033,2.729946985,4.817907067,0.000101153,1.613604504,303.527657735,0.716887814,3.519646656,,0.117104450,,,,,0,47.898645834,2435.112710693,4297.573104,1439.335217807,270746.6707,76.61963986,1023.864081,0,0.090228576,,892,562.8442902,9120.23389,892,86.5765619,17.88060723,3139.524817,
292,Agricultural,53116,665377,Randolph Twp.,T,3,2017,0.054211879,3.498196814,8.723385593,0.159967824,1.736211225,326.590639266,0.976676758,4.067715427,,0.722654655,2476.723344392,6176.157,,,0,38.382010383,1552.003746230,3870.201661,1229.237547562,231226.1726,38.30981993,511.9320405,0,113.257219202,,708,653.1773245,10583.97513,708,306.1859422,205.4535533,2879.942522,
294,Diversified Rural,53260,665381,Ravenna Twp.,T,3,2017,0.052999076,2.448928292,4.321955331,0.109019922,1.569637607,295.257248715,0.534218100,1.981385872,,0.096779228,5811.306836787,10256,,,0,125.766806624,6011.988628920,10610.17033,3724.750042175,700645.4512,107.2674958,1433.409713,0,258.704275994,,2373,1160.432055,18803.44518,2373,33.03112943,196.6259791,4701.828674,
316,Diversified Rural,57184,665519,St. Lawrence Twp.,T,5,2017,0.025985341,2.622755962,4.628732556,0.139460491,1.401296613,263.591405284,1.210242367,10.678067865,,0.647805447,,,,,0,13.278509054,1340.228296619,2365.282336,716.062569438,134695.2081,0,0,0,71.264311073,,511,618.4338497,10020.99773,511,297.4352406,33.59334258,5456.492679,
328,Diversified Rural,58324,665541,Sand Creek Twp.,T,3,2017,0.026706131,2.248309203,4.140055833,0.115768974,1.426372264,268.308269610,0.584495665,3.362480327,,0.577479759,,,,,0,44.465708677,3743.434822543,6893.192962,2374.909819690,446733.2689,153.2392797,2047.728162,0,192.755341869,,1665,819.946003,13286.26665,1665,604.5073297,356.9964689,5598.529744,
326,Agricultural,58486,665551,San Francisco Twp.,T,1,2017,0.076579275,2.273476560,4.796376530,0.443336596,1.546270071,290.861689919,1.291805634,2.856604401,,0.041176379,,,,,0,66.087914532,1962.010271505,4139.272945,1334.431071543,251013.6384,107.2674958,1433.409713,0,382.599482019,,863,1007.560766,16326.34462,863,14.33342773,21.20178694,2465.249598,
332,Agricultural,59008,665569,Sciota Twp.,T,4,2017,0.053889568,1.256429797,2.411238095,0.093672634,1.389056973,261.289063265,2.190595447,3.568354268,,0.522071975,554.085540428,1063.356,,,0,23.765299579,1054.003563037,2022.758096,612.574124984,115228.4769,76.61963986,1023.864081,0,41.309631507,,441,889.4329524,14412.22146,441,150.9329878,79.30075319,1573.644232,
346,Diversified Rural,61978,665676,Spring Lake Twp.,T,5,2017,0.026159218,2.233469499,4.177134339,0.001131114,1.533838519,288.523248305,0.257140971,3.892243804,,0.215390712,,,,,0,92.603630278,7906.482025608,14787.05556,5429.788357665,1021372.299,0,0,0,4.004142193,,3540,910.2790373,14750.0079,3540,448.7226871,313.7604322,13778.543065,
354,Diversified Rural,62842,665712,Stillwater Twp.,T,5,2017,0.033452592,2.196986331,5.973847703,0,2.717613819,511.197728446,0.323882844,2.438656960,,0.104245916,4255.562523967,11571.343,5264.017967924,990190,0,64.797670584,3432.852958896,9334.30512,3249.740049158,611293.525,245.1828475,3276.365059,0,0,,1937,382.1782218,6192.751407,1937,153.7021972,48.22214199,4723.678532,
364,Agricultural,66820,665860,Vermillion Twp.,T,1,2017,0.053388302,2.957006245,5.385650446,0.145535337,1.526174667,287.081636577,1.234345651,3.673820827,,0.700339686,3645.988700445,6640.507,,,0,65.827776711,3084.982744944,5618.736424,1881.773364023,353971.6579,76.61963986,1023.864081,0,179.445070622,,1233,1445.328548,23419.85986,1233,469.5471416,393.9716916,4529.82108,
370,Agricultural,67450,665887,Waconia Twp.,T,3,2017,0.084447964,1.730463627,4.645448533,0.156215109,1.547948877,291.177482249,2.065784891,2.792149738,,0.181918385,,,,,0,99.901941060,2047.138471283,5495.565615,1831.223521365,344462.9615,275.8307035,3685.910691,0,184.802473602,,1183,2167.992822,35129.7898,1183,102.1505954,113.058854,3303.11314,
372,Agricultural,68530,665929,Waterford Twp.,T,5,2017,0.053097643,1.302683639,2.706177866,0.011796838,0.778093913,146.363636364,1.240162751,4.755087984,,20.665570668,659.157921294,1369.326,393.715519955,74060,0,26.867407268,1283.793483460,2666.935705,824.121464173,155021.6655,22.98589196,307.1592243,0,5.969199822,,506,604.5364599,9795.80677,506,10342.133022,114.6457362,2406.07452,
376,Agricultural,68566,665931,Watertown Twp.,T,4,2017,0.079625573,1.940666926,5.136308053,0.017551766,1.726040679,324.677504876,1.875732850,2.604901544,,0.284570221,,,,,0.738490026,99.611592178,2427.774324250,6425.521374,2159.276888809,406171.5586,275.8307035,3685.910691,0,21.957259165,,1251,2070.711092,33553.45308,1251,292.1405122,63.85683395,3258.731831,
380,Rural Residential,69520,665966,West Lakeland Twp.,T,1,2017,0.032601182,1.646797127,4.477822685,0.000157576,2.329289551,438.151851852,0.043802152,2.564523562,,2.663025280,7114.163588682,19344.194,10062.530861728,1892816,0,140.837106945,5879.092485222,15985.8997,5888.329185826,1107626.287,91.94356783,1228.636897,0,0.680727025,,4320,97.28172917,1576.336722,4320,10946.042203,558.2270078,11078.741788,
388,Suburban,69916,665981,White Bear Twp.,T,5,2017,0.053958379,1.152673083,2.639023651,0.000816946,2.085519593,392.297415761,0.008395906,2.747740053,0,0.409837086,12622.922931344,28899.948,22838.525057900,4296049,0,590.898212397,19332.021052568,44260.30375,18532.329419295,3486030.515,91.94356783,1228.636897,0,8.946378269,0,10951,0,0,10951,3032.018422,1456.10751,30090.501315,1348.126657162
398,Agricultural,72130,666069,Young America Twp.,T,1,2017,0.078797998,2.087066519,5.543507147,0.090595432,1.740131858,327.328131295,2.047057018,2.062111480,,0.550493654,,,,,0,54.134224922,1433.814698298,3808.38941,1195.470586497,224874.4262,252.8448115,3378.751467,0,62.239061671,,687,1153.48336,18690.8497,687,315.6677151,62.52142488,1416.670587,
