"county_name","geoid","emissions_year","data_source","emissions_metric_tons_co2e"
"Anoka","27003",2002,"EQUATES",1539370.21
"Anoka","27003",2003,"EQUATES",1566151.54
"Anoka","27003",2004,"EQUATES",1566293.57
"Anoka","27003",2005,"EQUATES",1595354.23
"Anoka","27003",2006,"EQUATES",1623075.52
"Anoka","27003",2007,"EQUATES",1689015.1
"Anoka","27003",2008,"EQUATES",1658842.92
"Anoka","27003",2009,"EQUATES",1626424.94
"Anoka","27003",2010,"EQUATES",1626098.84
"Anoka","27003",2011,"EQUATES",1607808.3
"Anoka","27003",2012,"EQUATES",1640878.02
"Anoka","27003",2013,"EQUATES",1653726.51
"Anoka","27003",2014,"EQUATES",1644089.92
"Anoka","27003",2015,"EQUATES",1644317.13
"Anoka","27003",2016,"EQUATES",1645243.42
"Anoka","27003",2017,"EQUATES",1640083.84
"Anoka","27003",2018,"EQUATES",1624441.31
"Anoka","27003",2019,"EQUATES",1595602.91
"Anoka","27003",2020,"National Emissions Inventory",1373556.33
"Anoka","27003",2021,"Air Emissions Modeling",1528216.17
"Anoka","27003",2022,"Air Emissions Modeling",1696154.91
"Anoka","27003",2023,"National Emissions Inventory",1551043.6
"Anoka","27003",2024,"Interpolation",1521746.25
"Anoka","27003",2025,"Interpolation",1492448.9
"Anoka","27003",2026,"Interpolation",1463151.55
"Anoka","27003",2027,"Interpolation",1433854.2
"Anoka","27003",2028,"Interpolation",1404556.85
"Anoka","27003",2029,"Interpolation",1375259.49
"Anoka","27003",2030,"Interpolation",1345962.14
"Anoka","27003",2031,"Interpolation",1316664.79
"Anoka","27003",2032,"Interpolation",1287367.44
"Anoka","27003",2033,"Interpolation",1258070.09
"Anoka","27003",2034,"Interpolation",1228772.73
"Anoka","27003",2035,"Interpolation",1199475.38
"Anoka","27003",2036,"Interpolation",1170178.03
"Anoka","27003",2037,"Interpolation",1140880.68
"Anoka","27003",2038,"Interpolation",1111583.33
"Anoka","27003",2039,"Interpolation",1082285.98
"Anoka","27003",2040,"Interpolation",1052988.62
"Anoka","27003",2041,"Interpolation",1023691.27
"Anoka","27003",2042,"Interpolation",994393.92
"Anoka","27003",2043,"Interpolation",965096.57
"Anoka","27003",2044,"Interpolation",935799.22
"Anoka","27003",2045,"Interpolation",906501.86
"Anoka","27003",2046,"Interpolation",877204.51
"Anoka","27003",2047,"Interpolation",847907.16
"Anoka","27003",2048,"Interpolation",818609.81
"Anoka","27003",2049,"Interpolation",789312.46
"Anoka","27003",2050,"RTDM and EPA MOVES4",760015.1
"Carver","27019",2002,"EQUATES",460952.93
"Carver","27019",2003,"EQUATES",470249.81
"Carver","27019",2004,"EQUATES",471794.37
"Carver","27019",2005,"EQUATES",481757.68
"Carver","27019",2006,"EQUATES",491198.4
"Carver","27019",2007,"EQUATES",499154.2
"Carver","27019",2008,"EQUATES",490215.63
"Carver","27019",2009,"EQUATES",480868.27
"Carver","27019",2010,"EQUATES",479818.19
"Carver","27019",2011,"EQUATES",475978.39
"Carver","27019",2012,"EQUATES",489197.77
"Carver","27019",2013,"EQUATES",469448.78
"Carver","27019",2014,"EQUATES",466702.86
"Carver","27019",2015,"EQUATES",467093.65
"Carver","27019",2016,"EQUATES",456901.28
"Carver","27019",2017,"EQUATES",456118.7
"Carver","27019",2018,"EQUATES",455063.23
"Carver","27019",2019,"EQUATES",443137.35
"Carver","27019",2020,"National Emissions Inventory",388798.22
"Carver","27019",2021,"Air Emissions Modeling",431417.4
"Carver","27019",2022,"Air Emissions Modeling",480884.07
"Carver","27019",2023,"National Emissions Inventory",453220.69
"Carver","27019",2024,"Interpolation",447015.42
"Carver","27019",2025,"Interpolation",440810.16
"Carver","27019",2026,"Interpolation",434604.89
"Carver","27019",2027,"Interpolation",428399.63
"Carver","27019",2028,"Interpolation",422194.36
"Carver","27019",2029,"Interpolation",415989.1
"Carver","27019",2030,"Interpolation",409783.84
"Carver","27019",2031,"Interpolation",403578.57
"Carver","27019",2032,"Interpolation",397373.31
"Carver","27019",2033,"Interpolation",391168.04
"Carver","27019",2034,"Interpolation",384962.78
"Carver","27019",2035,"Interpolation",378757.51
"Carver","27019",2036,"Interpolation",372552.25
"Carver","27019",2037,"Interpolation",366346.99
"Carver","27019",2038,"Interpolation",360141.72
"Carver","27019",2039,"Interpolation",353936.46
"Carver","27019",2040,"Interpolation",347731.19
"Carver","27019",2041,"Interpolation",341525.93
"Carver","27019",2042,"Interpolation",335320.66
"Carver","27019",2043,"Interpolation",329115.4
"Carver","27019",2044,"Interpolation",322910.14
"Carver","27019",2045,"Interpolation",316704.87
"Carver","27019",2046,"Interpolation",310499.61
"Carver","27019",2047,"Interpolation",304294.34
"Carver","27019",2048,"Interpolation",298089.08
"Carver","27019",2049,"Interpolation",291883.81
"Carver","27019",2050,"RTDM and EPA MOVES4",285678.55
"Chisago","27025",2002,"EQUATES",420249.71
"Chisago","27025",2003,"EQUATES",428160.02
"Chisago","27025",2004,"EQUATES",431342.38
"Chisago","27025",2005,"EQUATES",439955.76
"Chisago","27025",2006,"EQUATES",448421.84
"Chisago","27025",2007,"EQUATES",451860.87
"Chisago","27025",2008,"EQUATES",443305.9
"Chisago","27025",2009,"EQUATES",434858.79
"Chisago","27025",2010,"EQUATES",431177.88
"Chisago","27025",2011,"EQUATES",426899.84
"Chisago","27025",2012,"EQUATES",438476.4
"Chisago","27025",2013,"EQUATES",419054.71
"Chisago","27025",2014,"EQUATES",416175.85
"Chisago","27025",2015,"EQUATES",416805.04
"Chisago","27025",2016,"EQUATES",420613.12
"Chisago","27025",2017,"EQUATES",419701.77
"Chisago","27025",2018,"EQUATES",413769.64
"Chisago","27025",2019,"EQUATES",405606.44
"Chisago","27025",2020,"National Emissions Inventory",364036.86
"Chisago","27025",2021,"Air Emissions Modeling",407191.15
"Chisago","27025",2022,"Air Emissions Modeling",433842.58
"Chisago","27025",2023,"National Emissions Inventory",433917.48
"Chisago","27025",2024,"Interpolation",431517.93
"Chisago","27025",2025,"Interpolation",429118.37
"Chisago","27025",2026,"Interpolation",426718.82
"Chisago","27025",2027,"Interpolation",424319.27
"Chisago","27025",2028,"Interpolation",421919.71
"Chisago","27025",2029,"Interpolation",419520.16
"Chisago","27025",2030,"Interpolation",417120.61
"Chisago","27025",2031,"Interpolation",414721.05
"Chisago","27025",2032,"Interpolation",412321.5
"Chisago","27025",2033,"Interpolation",409921.95
"Chisago","27025",2034,"Interpolation",407522.39
"Chisago","27025",2035,"Interpolation",405122.84
"Chisago","27025",2036,"Interpolation",402723.29
"Chisago","27025",2037,"Interpolation",400323.73
"Chisago","27025",2038,"Interpolation",397924.18
"Chisago","27025",2039,"Interpolation",395524.62
"Chisago","27025",2040,"Interpolation",393125.07
"Chisago","27025",2041,"Interpolation",390725.52
"Chisago","27025",2042,"Interpolation",388325.96
"Chisago","27025",2043,"Interpolation",385926.41
"Chisago","27025",2044,"Interpolation",383526.86
"Chisago","27025",2045,"Interpolation",381127.3
"Chisago","27025",2046,"Interpolation",378727.75
"Chisago","27025",2047,"Interpolation",376328.2
"Chisago","27025",2048,"Interpolation",373928.64
"Chisago","27025",2049,"Interpolation",371529.09
"Chisago","27025",2050,"Expected change in emissions in similar county",369129.54
"Dakota","27037",2002,"EQUATES",1962864.45
"Dakota","27037",2003,"EQUATES",1998915.36
"Dakota","27037",2004,"EQUATES",2006125.88
"Dakota","27037",2005,"EQUATES",2044497.29
"Dakota","27037",2006,"EQUATES",2080291.82
"Dakota","27037",2007,"EQUATES",2151083.28
"Dakota","27037",2008,"EQUATES",2113773.13
"Dakota","27037",2009,"EQUATES",2071851.13
"Dakota","27037",2010,"EQUATES",2078669.54
"Dakota","27037",2011,"EQUATES",2053921.8
"Dakota","27037",2012,"EQUATES",2094450.74
"Dakota","27037",2013,"EQUATES",2082974.27
"Dakota","27037",2014,"EQUATES",2070972.55
"Dakota","27037",2015,"EQUATES",2071964.47
"Dakota","27037",2016,"EQUATES",2068415.1
"Dakota","27037",2017,"EQUATES",2061611.5
"Dakota","27037",2018,"EQUATES",2040559.31
"Dakota","27037",2019,"EQUATES",2009705.41
"Dakota","27037",2020,"National Emissions Inventory",1786767.4
"Dakota","27037",2021,"Air Emissions Modeling",1985009.97
"Dakota","27037",2022,"Air Emissions Modeling",2100995.88
"Dakota","27037",2023,"National Emissions Inventory",2001186.28
"Dakota","27037",2024,"Interpolation",1964701.24
"Dakota","27037",2025,"Interpolation",1928216.21
"Dakota","27037",2026,"Interpolation",1891731.18
"Dakota","27037",2027,"Interpolation",1855246.14
"Dakota","27037",2028,"Interpolation",1818761.11
"Dakota","27037",2029,"Interpolation",1782276.07
"Dakota","27037",2030,"Interpolation",1745791.04
"Dakota","27037",2031,"Interpolation",1709306.01
"Dakota","27037",2032,"Interpolation",1672820.97
"Dakota","27037",2033,"Interpolation",1636335.94
"Dakota","27037",2034,"Interpolation",1599850.91
"Dakota","27037",2035,"Interpolation",1563365.87
"Dakota","27037",2036,"Interpolation",1526880.84
"Dakota","27037",2037,"Interpolation",1490395.8
"Dakota","27037",2038,"Interpolation",1453910.77
"Dakota","27037",2039,"Interpolation",1417425.74
"Dakota","27037",2040,"Interpolation",1380940.7
"Dakota","27037",2041,"Interpolation",1344455.67
"Dakota","27037",2042,"Interpolation",1307970.64
"Dakota","27037",2043,"Interpolation",1271485.6
"Dakota","27037",2044,"Interpolation",1235000.57
"Dakota","27037",2045,"Interpolation",1198515.54
"Dakota","27037",2046,"Interpolation",1162030.5
"Dakota","27037",2047,"Interpolation",1125545.47
"Dakota","27037",2048,"Interpolation",1089060.43
"Dakota","27037",2049,"Interpolation",1052575.4
"Dakota","27037",2050,"RTDM and EPA MOVES4",1016090.37
"Hennepin","27053",2002,"EQUATES",5271627.54
"Hennepin","27053",2003,"EQUATES",5359706.76
"Hennepin","27053",2004,"EQUATES",5377335.4
"Hennepin","27053",2005,"EQUATES",5474888
"Hennepin","27053",2006,"EQUATES",5562927.51
"Hennepin","27053",2007,"EQUATES",5811812.1
"Hennepin","27053",2008,"EQUATES",5711398.31
"Hennepin","27053",2009,"EQUATES",5599959.14
"Hennepin","27053",2010,"EQUATES",5624004.43
"Hennepin","27053",2011,"EQUATES",5550630.66
"Hennepin","27053",2012,"EQUATES",5635172.35
"Hennepin","27053",2013,"EQUATES",5710255.16
"Hennepin","27053",2014,"EQUATES",5675379.43
"Hennepin","27053",2015,"EQUATES",5677379.63
"Hennepin","27053",2016,"EQUATES",5716496.61
"Hennepin","27053",2017,"EQUATES",5691173.39
"Hennepin","27053",2018,"EQUATES",5628015.05
"Hennepin","27053",2019,"EQUATES",5569976.13
"Hennepin","27053",2020,"National Emissions Inventory",4872701.92
"Hennepin","27053",2021,"Air Emissions Modeling",5429056.94
"Hennepin","27053",2022,"Air Emissions Modeling",5842135.49
"Hennepin","27053",2023,"National Emissions Inventory",5428753.35
"Hennepin","27053",2024,"Interpolation",5338524.27
"Hennepin","27053",2025,"Interpolation",5248295.19
"Hennepin","27053",2026,"Interpolation",5158066.12
"Hennepin","27053",2027,"Interpolation",5067837.04
"Hennepin","27053",2028,"Interpolation",4977607.96
"Hennepin","27053",2029,"Interpolation",4887378.88
"Hennepin","27053",2030,"Interpolation",4797149.81
"Hennepin","27053",2031,"Interpolation",4706920.73
"Hennepin","27053",2032,"Interpolation",4616691.65
"Hennepin","27053",2033,"Interpolation",4526462.58
"Hennepin","27053",2034,"Interpolation",4436233.5
"Hennepin","27053",2035,"Interpolation",4346004.42
"Hennepin","27053",2036,"Interpolation",4255775.34
"Hennepin","27053",2037,"Interpolation",4165546.27
"Hennepin","27053",2038,"Interpolation",4075317.19
"Hennepin","27053",2039,"Interpolation",3985088.11
"Hennepin","27053",2040,"Interpolation",3894859.04
"Hennepin","27053",2041,"Interpolation",3804629.96
"Hennepin","27053",2042,"Interpolation",3714400.88
"Hennepin","27053",2043,"Interpolation",3624171.8
"Hennepin","27053",2044,"Interpolation",3533942.73
"Hennepin","27053",2045,"Interpolation",3443713.65
"Hennepin","27053",2046,"Interpolation",3353484.57
"Hennepin","27053",2047,"Interpolation",3263255.5
"Hennepin","27053",2048,"Interpolation",3173026.42
"Hennepin","27053",2049,"Interpolation",3082797.34
"Hennepin","27053",2050,"RTDM and EPA MOVES4",2992568.26
"Pierce","55093",2002,"EQUATES",198207.1
"Pierce","55093",2003,"EQUATES",201886.74
"Pierce","55093",2004,"EQUATES",190840.6
"Pierce","55093",2005,"EQUATES",194549.74
"Pierce","55093",2006,"EQUATES",198998.23
"Pierce","55093",2007,"EQUATES",184482
"Pierce","55093",2008,"EQUATES",181166.09
"Pierce","55093",2009,"EQUATES",178798.09
"Pierce","55093",2010,"EQUATES",172726.69
"Pierce","55093",2011,"EQUATES",172141.26
"Pierce","55093",2012,"EQUATES",177345.84
"Pierce","55093",2013,"EQUATES",179233.92
"Pierce","55093",2014,"EQUATES",178112.04
"Pierce","55093",2015,"EQUATES",178471.99
"Pierce","55093",2016,"EQUATES",175641.64
"Pierce","55093",2017,"EQUATES",174823.4
"Pierce","55093",2018,"EQUATES",172619.58
"Pierce","55093",2019,"EQUATES",172061.14
"Pierce","55093",2020,"National Emissions Inventory",175795.23
"Pierce","55093",2021,"Air Emissions Modeling",198707.33
"Pierce","55093",2022,"Air Emissions Modeling",194970.39
"Pierce","55093",2023,"National Emissions Inventory",193341.54
"Pierce","55093",2024,"Interpolation",192272.36
"Pierce","55093",2025,"Interpolation",191203.19
"Pierce","55093",2026,"Interpolation",190134.01
"Pierce","55093",2027,"Interpolation",189064.84
"Pierce","55093",2028,"Interpolation",187995.66
"Pierce","55093",2029,"Interpolation",186926.49
"Pierce","55093",2030,"Interpolation",185857.32
"Pierce","55093",2031,"Interpolation",184788.14
"Pierce","55093",2032,"Interpolation",183718.97
"Pierce","55093",2033,"Interpolation",182649.79
"Pierce","55093",2034,"Interpolation",181580.62
"Pierce","55093",2035,"Interpolation",180511.45
"Pierce","55093",2036,"Interpolation",179442.27
"Pierce","55093",2037,"Interpolation",178373.1
"Pierce","55093",2038,"Interpolation",177303.92
"Pierce","55093",2039,"Interpolation",176234.75
"Pierce","55093",2040,"Interpolation",175165.57
"Pierce","55093",2041,"Interpolation",174096.4
"Pierce","55093",2042,"Interpolation",173027.23
"Pierce","55093",2043,"Interpolation",171958.05
"Pierce","55093",2044,"Interpolation",170888.88
"Pierce","55093",2045,"Interpolation",169819.7
"Pierce","55093",2046,"Interpolation",168750.53
"Pierce","55093",2047,"Interpolation",167681.36
"Pierce","55093",2048,"Interpolation",166612.18
"Pierce","55093",2049,"Interpolation",165543.01
"Pierce","55093",2050,"Expected change in emissions in similar county",164473.83
"Ramsey","27123",2002,"EQUATES",2219841.35
"Ramsey","27123",2003,"EQUATES",2255432.06
"Ramsey","27123",2004,"EQUATES",2257555.81
"Ramsey","27123",2005,"EQUATES",2296764.88
"Ramsey","27123",2006,"EQUATES",2332189.36
"Ramsey","27123",2007,"EQUATES",2438418.41
"Ramsey","27123",2008,"EQUATES",2396163.78
"Ramsey","27123",2009,"EQUATES",2348772.19
"Ramsey","27123",2010,"EQUATES",2357932.6
"Ramsey","27123",2011,"EQUATES",2324137.18
"Ramsey","27123",2012,"EQUATES",2354032.66
"Ramsey","27123",2013,"EQUATES",2407808.33
"Ramsey","27123",2014,"EQUATES",2392472.24
"Ramsey","27123",2015,"EQUATES",2392284.3
"Ramsey","27123",2016,"EQUATES",2417261.5
"Ramsey","27123",2017,"EQUATES",2405003.61
"Ramsey","27123",2018,"EQUATES",2375266.28
"Ramsey","27123",2019,"EQUATES",2309902.15
"Ramsey","27123",2020,"National Emissions Inventory",2138070.59
"Ramsey","27123",2021,"Air Emissions Modeling",2384580.58
"Ramsey","27123",2022,"Air Emissions Modeling",2406797.81
"Ramsey","27123",2023,"National Emissions Inventory",2311571.81
"Ramsey","27123",2024,"Interpolation",2267252.33
"Ramsey","27123",2025,"Interpolation",2222932.85
"Ramsey","27123",2026,"Interpolation",2178613.37
"Ramsey","27123",2027,"Interpolation",2134293.89
"Ramsey","27123",2028,"Interpolation",2089974.4
"Ramsey","27123",2029,"Interpolation",2045654.92
"Ramsey","27123",2030,"Interpolation",2001335.44
"Ramsey","27123",2031,"Interpolation",1957015.96
"Ramsey","27123",2032,"Interpolation",1912696.48
"Ramsey","27123",2033,"Interpolation",1868377
"Ramsey","27123",2034,"Interpolation",1824057.52
"Ramsey","27123",2035,"Interpolation",1779738.04
"Ramsey","27123",2036,"Interpolation",1735418.56
"Ramsey","27123",2037,"Interpolation",1691099.07
"Ramsey","27123",2038,"Interpolation",1646779.59
"Ramsey","27123",2039,"Interpolation",1602460.11
"Ramsey","27123",2040,"Interpolation",1558140.63
"Ramsey","27123",2041,"Interpolation",1513821.15
"Ramsey","27123",2042,"Interpolation",1469501.67
"Ramsey","27123",2043,"Interpolation",1425182.19
"Ramsey","27123",2044,"Interpolation",1380862.71
"Ramsey","27123",2045,"Interpolation",1336543.23
"Ramsey","27123",2046,"Interpolation",1292223.75
"Ramsey","27123",2047,"Interpolation",1247904.26
"Ramsey","27123",2048,"Interpolation",1203584.78
"Ramsey","27123",2049,"Interpolation",1159265.3
"Ramsey","27123",2050,"RTDM and EPA MOVES4",1114945.82
"Scott","27139",2002,"EQUATES",672909.85
"Scott","27139",2003,"EQUATES",686067.08
"Scott","27139",2004,"EQUATES",689773.99
"Scott","27139",2005,"EQUATES",703790.41
"Scott","27139",2006,"EQUATES",717051.03
"Scott","27139",2007,"EQUATES",729438.27
"Scott","27139",2008,"EQUATES",716244.12
"Scott","27139",2009,"EQUATES",702470.07
"Scott","27139",2010,"EQUATES",702672.23
"Scott","27139",2011,"EQUATES",696203.29
"Scott","27139",2012,"EQUATES",714196.44
"Scott","27139",2013,"EQUATES",688836.52
"Scott","27139",2014,"EQUATES",684850.2
"Scott","27139",2015,"EQUATES",685359.02
"Scott","27139",2016,"EQUATES",678773.63
"Scott","27139",2017,"EQUATES",677267.07
"Scott","27139",2018,"EQUATES",678663.01
"Scott","27139",2019,"EQUATES",684709.5
"Scott","27139",2020,"National Emissions Inventory",631372.67
"Scott","27139",2021,"Air Emissions Modeling",699742.11
"Scott","27139",2022,"Air Emissions Modeling",806327.57
"Scott","27139",2023,"National Emissions Inventory",739869.49
"Scott","27139",2024,"Interpolation",727106.99
"Scott","27139",2025,"Interpolation",714344.48
"Scott","27139",2026,"Interpolation",701581.97
"Scott","27139",2027,"Interpolation",688819.46
"Scott","27139",2028,"Interpolation",676056.96
"Scott","27139",2029,"Interpolation",663294.45
"Scott","27139",2030,"Interpolation",650531.94
"Scott","27139",2031,"Interpolation",637769.43
"Scott","27139",2032,"Interpolation",625006.93
"Scott","27139",2033,"Interpolation",612244.42
"Scott","27139",2034,"Interpolation",599481.91
"Scott","27139",2035,"Interpolation",586719.4
"Scott","27139",2036,"Interpolation",573956.9
"Scott","27139",2037,"Interpolation",561194.39
"Scott","27139",2038,"Interpolation",548431.88
"Scott","27139",2039,"Interpolation",535669.37
"Scott","27139",2040,"Interpolation",522906.87
"Scott","27139",2041,"Interpolation",510144.36
"Scott","27139",2042,"Interpolation",497381.85
"Scott","27139",2043,"Interpolation",484619.34
"Scott","27139",2044,"Interpolation",471856.84
"Scott","27139",2045,"Interpolation",459094.33
"Scott","27139",2046,"Interpolation",446331.82
"Scott","27139",2047,"Interpolation",433569.31
"Scott","27139",2048,"Interpolation",420806.81
"Scott","27139",2049,"Interpolation",408044.3
"Scott","27139",2050,"RTDM and EPA MOVES4",395281.79
"Sherburne","27141",2002,"EQUATES",460857.36
"Sherburne","27141",2003,"EQUATES",469648.76
"Sherburne","27141",2004,"EQUATES",473176.67
"Sherburne","27141",2005,"EQUATES",482675.19
"Sherburne","27141",2006,"EQUATES",492172.17
"Sherburne","27141",2007,"EQUATES",493013.82
"Sherburne","27141",2008,"EQUATES",484063.83
"Sherburne","27141",2009,"EQUATES",474866.27
"Sherburne","27141",2010,"EQUATES",471599.22
"Sherburne","27141",2011,"EQUATES",467490.53
"Sherburne","27141",2012,"EQUATES",480211.74
"Sherburne","27141",2013,"EQUATES",455374.47
"Sherburne","27141",2014,"EQUATES",452479.78
"Sherburne","27141",2015,"EQUATES",452664.18
"Sherburne","27141",2016,"EQUATES",456119.45
"Sherburne","27141",2017,"EQUATES",455351.27
"Sherburne","27141",2018,"EQUATES",485556.83
"Sherburne","27141",2019,"EQUATES",483773.56
"Sherburne","27141",2020,"National Emissions Inventory",432402.97
"Sherburne","27141",2021,"Air Emissions Modeling",477405.44
"Sherburne","27141",2022,"Air Emissions Modeling",495992.09
"Sherburne","27141",2023,"National Emissions Inventory",464733.87
"Sherburne","27141",2024,"Interpolation",462163.91
"Sherburne","27141",2025,"Interpolation",459593.94
"Sherburne","27141",2026,"Interpolation",457023.97
"Sherburne","27141",2027,"Interpolation",454454.01
"Sherburne","27141",2028,"Interpolation",451884.04
"Sherburne","27141",2029,"Interpolation",449314.07
"Sherburne","27141",2030,"Interpolation",446744.1
"Sherburne","27141",2031,"Interpolation",444174.14
"Sherburne","27141",2032,"Interpolation",441604.17
"Sherburne","27141",2033,"Interpolation",439034.2
"Sherburne","27141",2034,"Interpolation",436464.23
"Sherburne","27141",2035,"Interpolation",433894.27
"Sherburne","27141",2036,"Interpolation",431324.3
"Sherburne","27141",2037,"Interpolation",428754.33
"Sherburne","27141",2038,"Interpolation",426184.36
"Sherburne","27141",2039,"Interpolation",423614.4
"Sherburne","27141",2040,"Interpolation",421044.43
"Sherburne","27141",2041,"Interpolation",418474.46
"Sherburne","27141",2042,"Interpolation",415904.49
"Sherburne","27141",2043,"Interpolation",413334.53
"Sherburne","27141",2044,"Interpolation",410764.56
"Sherburne","27141",2045,"Interpolation",408194.59
"Sherburne","27141",2046,"Interpolation",405624.62
"Sherburne","27141",2047,"Interpolation",403054.66
"Sherburne","27141",2048,"Interpolation",400484.69
"Sherburne","27141",2049,"Interpolation",397914.72
"Sherburne","27141",2050,"Expected change in emissions in similar county",395344.75
"St. Croix","55109",2002,"EQUATES",685161.44
"St. Croix","55109",2003,"EQUATES",699167.86
"St. Croix","55109",2004,"EQUATES",661656.86
"St. Croix","55109",2005,"EQUATES",674606.23
"St. Croix","55109",2006,"EQUATES",689328.41
"St. Croix","55109",2007,"EQUATES",659922.12
"St. Croix","55109",2008,"EQUATES",649390.84
"St. Croix","55109",2009,"EQUATES",635759.05
"St. Croix","55109",2010,"EQUATES",654379.5
"St. Croix","55109",2011,"EQUATES",646817.37
"St. Croix","55109",2012,"EQUATES",664095.3
"St. Croix","55109",2013,"EQUATES",641446.58
"St. Croix","55109",2014,"EQUATES",637671.03
"St. Croix","55109",2015,"EQUATES",638138.33
"St. Croix","55109",2016,"EQUATES",656146.94
"St. Croix","55109",2017,"EQUATES",655632.65
"St. Croix","55109",2018,"EQUATES",668301.73
"St. Croix","55109",2019,"EQUATES",661190.54
"St. Croix","55109",2020,"National Emissions Inventory",784978.83
"St. Croix","55109",2021,"Air Emissions Modeling",904178.22
"St. Croix","55109",2022,"Air Emissions Modeling",875644.17
"St. Croix","55109",2023,"National Emissions Inventory",945828.72
"St. Croix","55109",2024,"Interpolation",940598.31
"St. Croix","55109",2025,"Interpolation",935367.9
"St. Croix","55109",2026,"Interpolation",930137.49
"St. Croix","55109",2027,"Interpolation",924907.08
"St. Croix","55109",2028,"Interpolation",919676.67
"St. Croix","55109",2029,"Interpolation",914446.26
"St. Croix","55109",2030,"Interpolation",909215.85
"St. Croix","55109",2031,"Interpolation",903985.44
"St. Croix","55109",2032,"Interpolation",898755.03
"St. Croix","55109",2033,"Interpolation",893524.62
"St. Croix","55109",2034,"Interpolation",888294.21
"St. Croix","55109",2035,"Interpolation",883063.8
"St. Croix","55109",2036,"Interpolation",877833.39
"St. Croix","55109",2037,"Interpolation",872602.97
"St. Croix","55109",2038,"Interpolation",867372.56
"St. Croix","55109",2039,"Interpolation",862142.15
"St. Croix","55109",2040,"Interpolation",856911.74
"St. Croix","55109",2041,"Interpolation",851681.33
"St. Croix","55109",2042,"Interpolation",846450.92
"St. Croix","55109",2043,"Interpolation",841220.51
"St. Croix","55109",2044,"Interpolation",835990.1
"St. Croix","55109",2045,"Interpolation",830759.69
"St. Croix","55109",2046,"Interpolation",825529.28
"St. Croix","55109",2047,"Interpolation",820298.87
"St. Croix","55109",2048,"Interpolation",815068.46
"St. Croix","55109",2049,"Interpolation",809838.05
"St. Croix","55109",2050,"Expected change in emissions in similar county",804607.64
"Washington","27163",2002,"EQUATES",1155705.79
"Washington","27163",2003,"EQUATES",1177085.71
"Washington","27163",2004,"EQUATES",1179913.88
"Washington","27163",2005,"EQUATES",1202964.12
"Washington","27163",2006,"EQUATES",1224821.06
"Washington","27163",2007,"EQUATES",1269984.54
"Washington","27163",2008,"EQUATES",1247659.42
"Washington","27163",2009,"EQUATES",1223148.25
"Washington","27163",2010,"EQUATES",1222694.22
"Washington","27163",2011,"EQUATES",1209527.27
"Washington","27163",2012,"EQUATES",1236489.45
"Washington","27163",2013,"EQUATES",1230440.37
"Washington","27163",2014,"EQUATES",1223317.72
"Washington","27163",2015,"EQUATES",1224041.03
"Washington","27163",2016,"EQUATES",1216704.12
"Washington","27163",2017,"EQUATES",1213364
"Washington","27163",2018,"EQUATES",1190884.47
"Washington","27163",2019,"EQUATES",1179125.1
"Washington","27163",2020,"National Emissions Inventory",1041251.88
"Washington","27163",2021,"Air Emissions Modeling",1152297.27
"Washington","27163",2022,"Air Emissions Modeling",1249737.85
"Washington","27163",2023,"National Emissions Inventory",1201827.84
"Washington","27163",2024,"Interpolation",1179944.97
"Washington","27163",2025,"Interpolation",1158062.11
"Washington","27163",2026,"Interpolation",1136179.24
"Washington","27163",2027,"Interpolation",1114296.38
"Washington","27163",2028,"Interpolation",1092413.51
"Washington","27163",2029,"Interpolation",1070530.65
"Washington","27163",2030,"Interpolation",1048647.78
"Washington","27163",2031,"Interpolation",1026764.91
"Washington","27163",2032,"Interpolation",1004882.05
"Washington","27163",2033,"Interpolation",982999.18
"Washington","27163",2034,"Interpolation",961116.32
"Washington","27163",2035,"Interpolation",939233.45
"Washington","27163",2036,"Interpolation",917350.58
"Washington","27163",2037,"Interpolation",895467.72
"Washington","27163",2038,"Interpolation",873584.85
"Washington","27163",2039,"Interpolation",851701.99
"Washington","27163",2040,"Interpolation",829819.12
"Washington","27163",2041,"Interpolation",807936.25
"Washington","27163",2042,"Interpolation",786053.39
"Washington","27163",2043,"Interpolation",764170.52
"Washington","27163",2044,"Interpolation",742287.66
"Washington","27163",2045,"Interpolation",720404.79
"Washington","27163",2046,"Interpolation",698521.93
"Washington","27163",2047,"Interpolation",676639.06
"Washington","27163",2048,"Interpolation",654756.19
"Washington","27163",2049,"Interpolation",632873.33
"Washington","27163",2050,"RTDM and EPA MOVES4",610990.46
